firstName,lastName,gender,city,state,age,line1,line2
Charisse,Rheubottom,Female,San Antonio,Tamaulipas,32,95741 Dennis Circle,4th Floor
Danny,Stebbins,Female,Revolucion Verde,Tamaulipas,74,3 Cambridge Hill,Apt 1302
Hilliard,Patnelli,Male,Lazaro Cardenas,Tamaulipas,21,1167 Mariners Cove Pass,Room 686
Randy,Groundwater,Male,Del Valle,Tamaulipas,73,36 Grasskamp Place,Room 922
Krystal,Briamo,Female,5 de Mayo,Tamaulipas,74,48933 Dennis Road,Apt 692
Mathilde,Skitt,Female,5 de Mayo,Tamaulipas,47,5 Everett Hill,Suite 2
Rudie,Barz,Male,Altavista,Tamaulipas,13,9128 Spaight Circle,PO Box 55608
Maisie,Broader,Female,Azteca,Tamaulipas,51,7 Sommers Plaza,PO Box 362
Broderick,Syseland,Male,Azteca,Tamaulipas,24,3202 Veith Plaza,2nd Floor
Broderick,Speight,Male,Independencia,Tamaulipas,47,82836 Center Pass,Suite 71
Gilbertine,Stansby,Female,Loma Alta,Tamaulipas,61,6 Prentice Park,20th Floor
Humphrey,Eul,Male,Francisco Villa,Tamaulipas,32,3 Everett Alley,Room 177
See,Dearn,Male,Vista Hermosa,Tamaulipas,98,95066 Crescent Oaks Avenue,Suite 15
Grata,Tregust,Female,Del Valle,Tamaulipas,44,31424 Randy Terrace,2nd Floor
Bogart,Tender,Male,5 de Mayo,Tamaulipas,9,3 Jackson Junction,Room 1213
Frederik,Owttrim,Male,Revolucion Verde,Tamaulipas,21,02 Dawn Road,PO Box 70610
Harli,Campes,Female,Solidaridad,Tamaulipas,37,1 Welch Plaza,18th Floor
Godfry,Heel,Male,Guadalupe Victoria,Tamaulipas,57,393 Buell Crossing,16th Floor
Trix,Kynston,Female,Solidaridad,Tamaulipas,34,94 Sloan Junction,Apt 799
Dara,Davidzon,Female,Altavista,Tamaulipas,57,26 Crownhardt Street,Room 1767
Dunstan,Howford,Male,Magdaleno Aguilar,Tamaulipas,32,28 Dovetail Point,7th Floor
Friedrick,De Gregorio,Male,Las Americas,Tamaulipas,57,0 Fieldstone Way,PO Box 25509
Dirk,Lugsdin,Male,Tamaulipas,Tamaulipas,87,125 Petterle Parkway,Room 1672
Jeffrey,Thain,Male,San Antonio,Tamaulipas,79,2137 Northwestern Hill,Suite 40
Nessa,MacCracken,Female,Benito Juarez,Tamaulipas,35,8 Waxwing Alley,PO Box 16573
Toddie,ORowane,Male,Emiliano Zapata,Tamaulipas,97,41536 Maryland Junction,Apt 805
Stern,Pahler,Male,Emiliano Zapata,Tamaulipas,7,377 Ohio Parkway,5th Floor
Boy,Garrett,Male,Jardin,Tamaulipas,82,420 Blaine Crossing,Room 1425
Ferdinand,Macieiczyk,Male,Las Palmas,Tamaulipas,64,8689 Loomis Terrace,Apt 963
Wilmer,Takos,Male,San Antonio,Tamaulipas,73,280 Magdeline Road,Suite 45
Anders,Dowrey,Male,Guadalupe Victoria,Tamaulipas,10,23 Hoffman Center,Suite 2
Lorrayne,Zottoli,Female,Emiliano Zapata,Tamaulipas,96,4072 Merrick Alley,PO Box 40406
Hart,Haugen,Male,Buenavista,Tamaulipas,42,379 Debra Alley,Apt 1029
Arleta,Chesterton,Female,Lazaro Cardenas,Tamaulipas,40,6 Delaware Lane,PO Box 76473
Christy,Pedlow,Male,Manuel Cavazos Lerma,Tamaulipas,12,4 Mcguire Hill,Apt 1244
Olav,Amey,Male,Francisco I Madero,Tamaulipas,59,90911 Jay Terrace,Room 166
Loleta,MacCole,Female,Del Valle,Tamaulipas,16,616 Holy Cross Park,PO Box 92686
Lacey,Bramah,Female,Niños Heroes,Tamaulipas,10,53 Mcbride Hill,Room 981
Oby,Beavan,Male,Francisco I Madero,Tamaulipas,30,0 Dayton Road,PO Box 54166
Kylila,Heed,Female,Azteca,Tamaulipas,98,177 Anderson Circle,PO Box 20558
Nicolea,Swadling,Female,Las Palmas,Tamaulipas,63,58 Meadow Valley Place,PO Box 56473
Clarita,Duddy,Female,Del Valle,Tamaulipas,67,74089 Comanche Crossing,Suite 67
Karim,Phebee,Male,San Francisco,Tamaulipas,61,80 Jackson Road,17th Floor
Urbano,Jertz,Male,Miguel Hidalgo,Tamaulipas,95,6 Lawn Alley,9th Floor
Michell,Bartolic,Female,San Francisco,Tamaulipas,39,0 Briar Crest Point,Apt 1558
Cosmo,Fakes,Male,Altavista,Tamaulipas,60,76 Hauk Pass,Room 548
Bernardina,Goby,Female,Manuel Cavazos Lerma,Tamaulipas,4,9049 Crescent Oaks Drive,Suite 48
Juana,Berthot,Female,Independencia,Tamaulipas,13,064 Muir Hill,9th Floor
Roddie,Rivett,Male,Lazaro Cardenas,Tamaulipas,69,751 Lakewood Gardens Hill,Apt 1482
Myron,Paniman,Male,Francisco Villa,Tamaulipas,75,77810 Clyde Gallagher Road,PO Box 39139
Staci,Quade,Female,Los Fresnos,Tamaulipas,17,7 Sherman Circle,PO Box 11070
Avrom,Micheau,Male,Independencia,Tamaulipas,80,9619 Dakota Trail,19th Floor
Nickie,Muldownie,Male,Revolucion Verde,Tamaulipas,23,54460 Ridge Oak Drive,Apt 898
Elwyn,Krystof,Male,Azteca,Tamaulipas,7,9 South Junction,Suite 19
Mordy,Grolmann,Male,5 de Mayo,Tamaulipas,3,97 Rutledge Terrace,PO Box 29008
Nadeen,MacHostie,Female,Cuauhtemoc,Tamaulipas,17,885 Manley Place,Apt 838
Ingelbert,Vala,Male,Loma Alta,Tamaulipas,88,4 Muir Way,Apt 353
Bernita,Letham,Female,Las Americas,Tamaulipas,87,7 Michigan Point,Room 1057
Domingo,Binnie,Male,Independencia,Tamaulipas,81,026 Autumn Leaf Point,Room 684
Codi,Barbara,Male,Francisco I Madero,Tamaulipas,65,59146 Helena Place,PO Box 15031
Brody,Murrum,Male,Emiliano Zapata,Tamaulipas,56,49244 Fallview Lane,Suite 36
Conan,Sygrove,Male,5 de Mayo,Tamaulipas,28,932 Annamark Point,Suite 58
Caron,Foot,Female,Jardin,Tamaulipas,41,2 Swallow Avenue,Apt 1321
Farrell,Davidow,Male,Altavista,Tamaulipas,57,60831 Butterfield Terrace,Apt 1393
Oralla,Frith,Female,Las Palmas,Tamaulipas,17,08303 Crest Line Park,Apt 160
Vanda,Naseby,Female,Las Americas,Tamaulipas,27,8 Union Point,Suite 65
Zita,Squibb,Female,Vista Hermosa,Tamaulipas,50,1 Caliangt Crossing,PO Box 737
Orrin,Cary,Male,Solidaridad,Tamaulipas,16,31 Dottie Road,Suite 79
Jilly,Gehricke,Female,Obrera,Tamaulipas,78,3435 Arkansas Avenue,PO Box 47563
Haydon,Vaughton,Male,Buenavista,Tamaulipas,98,12 Graedel Point,Suite 19
Percy,Nafziger,Male,San Antonio,Tamaulipas,81,0 Bobwhite Hill,Apt 675
Callida,Havercroft,Female,Vista Hermosa,Tamaulipas,44,08 Cody Plaza,18th Floor
Alec,Andreolli,Male,Guadalupe Victoria,Tamaulipas,78,5 Brickson Park Hill,PO Box 63613
Rodrigo,Keddey,Male,Azteca,Tamaulipas,37,64 Tennessee Avenue,PO Box 4405
Alfie,Bettenay,Female,5 de Mayo,Tamaulipas,88,03 La Follette Avenue,Suite 45
Alex,Court,Male,Vista Hermosa,Tamaulipas,2,62407 Saint Paul Street,18th Floor
Henrieta,Iacomelli,Female,Solidaridad,Tamaulipas,95,09082 Kedzie Way,Room 1090
Braden,Dallaway,Male,Independencia,Tamaulipas,24,9876 Artisan Avenue,PO Box 64437
Wakefield,Verrillo,Male,Manuel Cavazos Lerma,Tamaulipas,34,51911 Corscot Crossing,PO Box 27173
Winne,Buckleigh,Female,Loma Alta,Tamaulipas,47,374 Namekagon Drive,2nd Floor
Tobey,Hoyes,Female,San Francisco,Tamaulipas,20,4386 Forest Street,PO Box 18133
Angelle,Moulder,Female,Altavista,Tamaulipas,7,6 Briar Crest Lane,PO Box 48912
Rhody,Leppington,Female,Lazaro Cardenas,Tamaulipas,1,620 Portage Park,Room 453
Vito,Burchett,Male,Los Fresnos,Tamaulipas,33,95771 Graceland Park,Suite 36
Charley,Pegden,Male,Niños Heroes,Tamaulipas,48,7 Lunder Circle,Suite 15
Chevy,Plastow,Male,Buenavista,Tamaulipas,33,10812 Fulton Junction,PO Box 49092
Billi,McWilliams,Female,Francisco I Madero,Tamaulipas,62,10 Coolidge Crossing,6th Floor
Donnie,Rubenczyk,Female,Benito Juarez,Tamaulipas,16,12 Hintze Plaza,7th Floor
Roderic,Book,Male,Las Palmas,Tamaulipas,12,12442 Swallow Terrace,Room 204
Hillyer,Parkey,Male,Solidaridad,Tamaulipas,35,16193 Blue Bill Park Road,PO Box 29516
Merralee,Crayden,Female,Del Valle,Tamaulipas,26,3666 Shelley Terrace,17th Floor
Damaris,Buchett,Female,5 de Mayo,Tamaulipas,97,0127 Ruskin Avenue,5th Floor
Calvin,Hinstridge,Male,Las Flores,Tamaulipas,28,30 Annamark Center,Apt 1267
Karlan,Korneluk,Male,Benito Juarez,Tamaulipas,97,7 Pennsylvania Way,PO Box 23544
Maurise,Duffitt,Female,Obrera,Tamaulipas,95,28 Starling Place,Apt 470
Marion,Laxon,Male,Independencia,Tamaulipas,57,42 Eagle Crest Plaza,PO Box 89411
Zed,Govenlock,Male,Loma Alta,Tamaulipas,66,5541 Welch Avenue,Suite 26
Edyth,Grunnill,Female,San Antonio,Tamaulipas,3,5 Eggendart Place,Room 718
Faber,Starkey,Male,Miguel Hidalgo,Tamaulipas,77,0442 Talisman Way,Apt 1068
Juliette,Hammerton,Female,Los Pinos,Tamaulipas,48,5041 Pleasure Point,Suite 54
Alonzo,Pethybridge,Male,Francisco I Madero,Tamaulipas,89,0485 Ridge Oak Terrace,Apt 618
Adriano,Vakhrushin,Male,Las Americas,Tamaulipas,6,10485 3rd Circle,12th Floor
Marya,Pinniger,Female,Benito Juarez,Tamaulipas,72,25 Tennessee Park,Apt 337
Thatch,Mellonby,Male,Buenavista,Tamaulipas,31,657 Mayfield Terrace,PO Box 15562
Alberto,Ferro,Male,Emiliano Zapata,Tamaulipas,94,556 Jackson Center,Room 831
Parry,Bellsham,Male,Guadalupe Victoria,Tamaulipas,44,18 Ridgeway Center,Suite 54
Cesya,Cranny,Female,San Antonio,Tamaulipas,76,54550 Shelley Alley,13th Floor
Desiri,Allcott,Female,Vista Hermosa,Tamaulipas,86,504 Parkside Road,Room 585
Heloise,Abrahamian,Female,Solidaridad,Tamaulipas,97,1447 Northwestern Lane,5th Floor
Ramona,Lusher,Female,Cuauhtemoc,Tamaulipas,15,05 Weeping Birch Trail,Apt 1302
Fionna,Collocott,Female,Manuel Cavazos Lerma,Tamaulipas,73,1 Cherokee Terrace,11th Floor
Marie,Glander,Female,5 de Mayo,Tamaulipas,12,80 Eagle Crest Lane,Room 1237
Dian,Prose,Female,San Francisco,Tamaulipas,96,777 John Wall Drive,Room 367
Sinclair,Eubank,Male,Los Fresnos,Tamaulipas,92,8 Carioca Point,Room 852
Rossie,Sodory,Male,Francisco Villa,Tamaulipas,57,88153 Clemons Plaza,1st Floor
Clare,Gibling,Male,Azteca,Tamaulipas,86,3877 Birchwood Point,PO Box 7618
Fredrick,Marshfield,Male,Independencia,Tamaulipas,76,9 Fieldstone Street,7th Floor
Magnum,Alliberton,Male,Las Americas,Tamaulipas,22,39 Westend Pass,Room 1304
Craig,Spear,Male,Las Palmas,Tamaulipas,37,4471 Dorton Circle,Suite 74
Charlotta,Bowdon,Female,San Antonio,Tamaulipas,59,8591 Morningstar Street,Apt 818
Elihu,Battleson,Male,Benito Juarez,Tamaulipas,25,55778 Milwaukee Place,Suite 49
Asher,Serginson,Male,Independencia,Tamaulipas,45,21893 Stone Corner Street,PO Box 48761
Sonnie,Spary,Female,Magdaleno Aguilar,Tamaulipas,89,195 Portage Place,PO Box 42222
Paxon,Karlsson,Male,Altavista,Tamaulipas,84,96726 Kenwood Crossing,Apt 145
Nonna,Giampietro,Female,Francisco Villa,Tamaulipas,49,7110 Glendale Center,Room 1379
Tamara,Tomczykiewicz,Female,Manuel Cavazos Lerma,Tamaulipas,76,34 Waubesa Drive,Room 357
Irving,Gorioli,Male,Buenavista,Tamaulipas,71,31393 Sloan Lane,Room 1480
Dona,Beevis,Female,Francisco Villa,Tamaulipas,48,21 Grasskamp Point,Suite 9
Luther,Blaze,Male,Francisco I Madero,Tamaulipas,64,73582 Anniversary Alley,20th Floor
Sheelah,Pharrow,Female,Independencia,Tamaulipas,13,05247 Clyde Gallagher Court,Room 1278
Nikki,Wiz,Male,Francisco I Madero,Tamaulipas,50,940 Miller Drive,Room 1848
Saudra,Dumbell,Female,Emiliano Zapata,Tamaulipas,93,135 Reindahl Hill,Apt 918
Retha,Scohier,Female,Vista Hermosa,Tamaulipas,21,144 Elmside Parkway,18th Floor
Dougie,Rimer,Male,Las Americas,Tamaulipas,33,8 Sloan Alley,Apt 1026
Alvera,Minguet,Female,Revolucion Verde,Tamaulipas,79,74 Red Cloud Center,Apt 237
Mortimer,Takle,Male,Magdaleno Aguilar,Tamaulipas,70,5 Eastlawn Trail,Suite 11
Chadwick,Vanichkin,Male,Francisco Villa,Tamaulipas,52,42 Summit Court,Apt 1078
Anitra,Rudgerd,Female,San Antonio,Tamaulipas,18,95 Jenna Lane,15th Floor
Shepperd,Relf,Male,Magdaleno Aguilar,Tamaulipas,78,69 Shopko Avenue,Apt 599
Homer,Lillistone,Male,Francisco I Madero,Tamaulipas,87,2 Troy Street,PO Box 85595
Rosetta,Harryman,Female,Magdaleno Aguilar,Tamaulipas,51,432 Arrowood Trail,PO Box 72056
Guillermo,Mutimer,Male,Los Pinos,Tamaulipas,69,2634 Lawn Point,PO Box 30723
Palm,Simonou,Male,Jardin,Tamaulipas,36,79720 Emmet Alley,Room 1640
Morris,Quadling,Male,Las Flores,Tamaulipas,97,5 Mesta Avenue,Room 37
Linet,Dedmam,Female,La Esperanza,Tamaulipas,90,87515 Clove Point,Suite 60
Eran,Betonia,Female,Benito Juarez,Tamaulipas,13,1 Moulton Center,PO Box 30816
Joey,Tilbury,Female,Las Americas,Tamaulipas,88,78 Gale Avenue,Apt 1190
Josiah,Bartozzi,Male,Revolucion Verde,Tamaulipas,20,39557 Carpenter Terrace,Suite 13
Twila,McCroary,Female,La Esperanza,Tamaulipas,29,9667 Mesta Junction,PO Box 72995
Cyb,Alonso,Female,Francisco Villa,Tamaulipas,51,82312 Raven Hill,Room 1953
Trix,Limbrick,Female,Las Palmas,Tamaulipas,93,882 Bonner Lane,Room 1011
Arlen,Michel,Female,Las Flores,Tamaulipas,67,3643 Shelley Center,9th Floor
Kristin,Pankhurst.,Female,Altavista,Tamaulipas,5,1404 Barby Point,Apt 930
Schuyler,Birkin,Male,San Antonio,Tamaulipas,72,2 Blaine Drive,PO Box 29709
Linell,Wahlberg,Female,San Antonio,Tamaulipas,69,1 Sloan Road,PO Box 76062
Pincus,Millward,Male,Cuauhtemoc,Tamaulipas,69,2019 Hoard Street,9th Floor
Rickard,Dummigan,Male,San Antonio,Tamaulipas,96,61578 Trailsway Trail,Suite 52
Verna,Coste,Female,Revolucion Verde,Tamaulipas,91,1181 Dovetail Park,Suite 94
Jorey,Dumke,Female,Azteca,Tamaulipas,15,57 Dixon Junction,19th Floor
Lilyan,Gianasi,Female,Jardin,Tamaulipas,43,36 Del Mar Drive,Room 905
Fancie,Muldowney,Female,Guadalupe Victoria,Tamaulipas,31,81792 Burrows Place,Apt 1620
Brynn,Dmitrichenko,Female,San Antonio,Tamaulipas,73,279 Thierer Road,3rd Floor
Franky,Springford,Male,Magdaleno Aguilar,Tamaulipas,92,7727 Merchant Circle,Suite 58
Libbey,Fordham,Female,Guadalupe Victoria,Tamaulipas,72,45541 Independence Parkway,8th Floor
Bancroft,Palmby,Male,Jardin,Tamaulipas,25,648 Bonner Terrace,7th Floor
Traver,Okroy,Male,Azteca,Tamaulipas,8,90128 Jackson Terrace,16th Floor
Kym,Grinvalds,Female,Benito Juarez,Tamaulipas,1,26 Di Loreto Parkway,Apt 1221
Zora,Lorans,Female,Del Valle,Tamaulipas,51,1 Ramsey Street,Suite 88
Gale,Swyre,Male,Las Flores,Tamaulipas,92,86287 Kenwood Park,PO Box 24450
Con,Balsdone,Female,Guadalupe Victoria,Tamaulipas,7,3 North Drive,Room 1413
Pren,Tremblot,Male,Del Valle,Tamaulipas,67,21289 Bluejay Road,Room 984
Giorgia,Guitt,Female,Francisco Villa,Tamaulipas,46,3 Sundown Terrace,Apt 1897
Toddie,Greason,Male,Guadalupe Victoria,Tamaulipas,93,9312 Lake View Park,PO Box 3870
Bethina,Gerlack,Female,Francisco I Madero,Tamaulipas,12,58998 Hansons Lane,Room 1847
Roslyn,Paterson,Female,Los Pinos,Tamaulipas,81,75 Brentwood Street,Room 1416
Waiter,Tottie,Male,Independencia,Tamaulipas,83,662 Chive Junction,PO Box 74682
Wilburt,Strangwood,Male,Francisco I Madero,Tamaulipas,69,24280 Arapahoe Court,8th Floor
Ernestus,Annon,Male,Azteca,Tamaulipas,26,21 Columbus Terrace,Suite 22
Corbett,Allsopp,Male,Azteca,Tamaulipas,32,84 Forest Dale Pass,Suite 61
Daloris,Kimberly,Female,Independencia,Tamaulipas,13,27 Hooker Crossing,PO Box 43621
Boy,Fyall,Male,Benito Juarez,Tamaulipas,69,051 Troy Crossing,Suite 99
Edgard,Logsdail,Male,Tamaulipas,Tamaulipas,51,824 6th Way,4th Floor
Diannne,Hegden,Female,Revolucion Verde,Tamaulipas,38,41 Huxley Street,4th Floor
Paddie,Bagot,Male,Jardin,Tamaulipas,49,490 Sutherland Alley,Room 524
Maurits,Quimby,Male,La Esperanza,Tamaulipas,15,3 Raven Pass,7th Floor
Corissa,Lovitt,Female,Niños Heroes,Tamaulipas,52,81510 Shoshone Lane,15th Floor
Anjanette,Tournay,Female,Solidaridad,Tamaulipas,95,32 Goodland Crossing,6th Floor
Manuel,Schimonek,Male,Niños Heroes,Tamaulipas,28,72095 Dexter Hill,PO Box 97276
Cos,Norker,Male,Niños Heroes,Tamaulipas,94,63423 Green Place,PO Box 46828
Kevan,Duligal,Male,La Esperanza,Tamaulipas,93,9 Clyde Gallagher Point,Suite 92
Merrielle,Madsen,Female,Cuauhtemoc,Tamaulipas,50,532 Ilene Trail,Room 1123
Karil,Bollum,Female,Las Americas,Tamaulipas,15,8845 Sommers Road,Room 941
Leona,Piatkowski,Female,Independencia,Tamaulipas,55,82 Lake View Avenue,19th Floor
Gaylene,Huntar,Female,Buenavista,Tamaulipas,66,86 Starling Point,Room 1112
Tobe,Paslow,Male,Azteca,Tamaulipas,49,74379 Oak Court,5th Floor
Karon,Flea,Female,Altavista,Tamaulipas,49,3 Kingsford Pass,Room 756
Warren,Beckey,Male,Manuel Cavazos Lerma,Tamaulipas,28,8 Loomis Plaza,Room 988
Judie,Hevey,Female,Solidaridad,Tamaulipas,5,608 Everett Crossing,10th Floor
Neale,Dowding,Male,Jardin,Tamaulipas,38,87417 Leroy Plaza,6th Floor
Sorcha,Drejer,Female,Solidaridad,Tamaulipas,2,576 Macpherson Hill,1st Floor
Danny,Dufour,Female,Altavista,Tamaulipas,57,69642 Raven Place,Suite 99
Emelen,Verity,Male,Lazaro Cardenas,Tamaulipas,30,6 Karstens Circle,PO Box 62102
Carolan,Kitchinghan,Female,Loma Alta,Tamaulipas,15,2236 Iowa Junction,Suite 63
Kaspar,Sondland,Male,Altavista,Tamaulipas,22,39 Forest Run Circle,PO Box 72822
Cesaro,Persehouse,Male,Los Pinos,Tamaulipas,17,6 Lake View Hill,Apt 197
Kassia,MacAlinden,Female,Tamaulipas,Tamaulipas,71,6 Anzinger Park,Apt 754
Avie,Ricold,Female,Cuauhtemoc,Tamaulipas,81,61534 Basil Way,Apt 1559
Sissy,Walkden,Female,Benito Juarez,Tamaulipas,89,52597 Fisk Point,Room 1281
Elva,Clampin,Female,Azteca,Tamaulipas,13,0265 Forster Pass,Room 1871
Melania,Prime,Female,Solidaridad,Tamaulipas,36,2551 Northfield Pass,Apt 664
Mendel,Eplett,Male,Las Palmas,Tamaulipas,71,3957 Utah Avenue,PO Box 24611
Humberto,Edlestone,Male,Magdaleno Aguilar,Tamaulipas,29,661 Victoria Street,PO Box 86627
Ky,Le Grice,Male,Jardin,Tamaulipas,17,49511 Dawn Way,19th Floor
Crystie,Alleyn,Female,Obrera,Tamaulipas,20,228 Norway Maple Trail,Apt 1751
Brande,Klosterman,Female,Buenavista,Tamaulipas,80,38 Mcbride Crossing,PO Box 32627
Lemuel,Coleyshaw,Male,Independencia,Tamaulipas,98,20 Sommers Drive,Suite 74
Urson,Fridaye,Male,Cuauhtemoc,Tamaulipas,34,8 Armistice Terrace,PO Box 24575
Crissy,Huxtable,Female,Vista Hermosa,Tamaulipas,56,94188 Del Sol Pass,Apt 1060
Paloma,Knevit,Female,Los Fresnos,Tamaulipas,43,71 Buena Vista Center,Room 1056
Thacher,Toffolo,Male,Solidaridad,Tamaulipas,19,53 Grim Road,Apt 1112
Leland,Tulloch,Male,Del Valle,Tamaulipas,39,090 Swallow Plaza,Room 1001
Corby,Aherne,Male,Del Valle,Tamaulipas,71,1077 Bellgrove Pass,PO Box 68682
Kaleb,Castellone,Male,Independencia,Tamaulipas,86,96155 Hermina Point,Suite 85
Humfrid,Chable,Male,Del Valle,Tamaulipas,88,42321 Chinook Circle,Suite 28
Sean,Odhams,Male,Las Palmas,Tamaulipas,16,956 Canary Park,Apt 372
Lenore,Burndred,Female,Las Flores,Tamaulipas,75,922 Grayhawk Terrace,Apt 788
Carolee,Labro,Female,Tamaulipas,Tamaulipas,48,7278 Gateway Drive,PO Box 11106
Ogdan,Petrowsky,Male,Las Palmas,Tamaulipas,58,8 Lindbergh Road,Suite 54
Marjory,Francescuccio,Female,La Esperanza,Tamaulipas,39,567 Autumn Leaf Trail,PO Box 58466
Maia,Grigsby,Female,Vista Hermosa,Tamaulipas,75,673 Eagan Place,8th Floor
Gustave,Girardetti,Male,Los Pinos,Tamaulipas,95,88 Hallows Place,Suite 25
Jamey,Meates,Male,Azteca,Tamaulipas,42,078 Upham Plaza,PO Box 94385
Eugene,Winskill,Male,La Esperanza,Tamaulipas,82,5775 Arizona Plaza,Apt 1927
Armin,Gasnoll,Male,Benito Juarez,Tamaulipas,26,7412 Larry Way,PO Box 2514
Tiebout,Polon,Male,Del Valle,Tamaulipas,54,80628 Becker Park,Apt 821
Willdon,Statersfield,Male,Obrera,Tamaulipas,88,3429 Eastwood Parkway,Apt 820
Beverie,Bellenger,Female,Solidaridad,Tamaulipas,100,50712 Old Gate Hill,Room 911
Flory,Scammonden,Male,San Francisco,Tamaulipas,63,3 Reindahl Crossing,Apt 313
Normy,De Avenell,Male,Las Flores,Tamaulipas,84,27 Waubesa Way,PO Box 3713
Jaquenette,Giddens,Female,Del Valle,Tamaulipas,72,48522 Evergreen Terrace,Apt 838
Rebecka,Habishaw,Female,Guadalupe Victoria,Tamaulipas,73,73 Warrior Avenue,PO Box 75314
Barbabas,O Culligan,Male,Loma Alta,Tamaulipas,42,36 Mandrake Park,PO Box 94226
Arlana,Orta,Female,Obrera,Tamaulipas,14,883 Hallows Center,Apt 468
Randi,Clifton,Male,Del Valle,Tamaulipas,33,8 Warner Point,Suite 19
Towney,Alenin,Male,Francisco I Madero,Tamaulipas,98,0166 Bartelt Road,PO Box 94764
Margaux,Jakuszewski,Female,Guadalupe Victoria,Tamaulipas,43,7159 Sullivan Alley,Room 521
Thedric,Harmeston,Male,Las Palmas,Tamaulipas,53,58691 Arapahoe Junction,Suite 39
Emmet,Mockler,Male,Cuauhtemoc,Tamaulipas,97,1567 Sutherland Alley,16th Floor
Celesta,Penning,Female,Azteca,Tamaulipas,51,92 Dennis Drive,8th Floor
Marcie,Aspole,Female,Revolucion Verde,Tamaulipas,96,90324 Northport Place,PO Box 67485
Ingar,Tippell,Male,Los Pinos,Tamaulipas,29,09 Oxford Circle,Suite 12
Norene,Slowgrave,Female,San Francisco,Tamaulipas,85,3 Susan Pass,PO Box 74250
Whittaker,Belliveau,Male,Miguel Hidalgo,Tamaulipas,24,818 Forest Plaza,7th Floor
Alleyn,Weigh,Male,Los Pinos,Tamaulipas,67,448 Kenwood Avenue,Apt 1822
Hiram,Nestoruk,Male,Magdaleno Aguilar,Tamaulipas,66,5 Loeprich Pass,Apt 354
Kally,Lacoste,Female,San Francisco,Tamaulipas,50,892 Continental Park,Suite 25
Elsy,St. John,Female,Benito Juarez,Tamaulipas,19,930 Rutledge Road,Suite 87
Johnna,Tancock,Female,Jardin,Tamaulipas,16,57951 Alpine Alley,Suite 62
Felike,Thonason,Male,Independencia,Tamaulipas,10,3108 Mallard Crossing,4th Floor
Robyn,Rumney,Female,Lazaro Cardenas,Tamaulipas,24,5802 Grasskamp Terrace,Suite 72
Barnard,Joblin,Male,5 de Mayo,Tamaulipas,76,61516 Cascade Junction,15th Floor
Rhodia,Freezor,Female,Las Flores,Tamaulipas,63,3 7th Court,Room 564
Regen,Chesters,Male,Buenavista,Tamaulipas,91,1930 Mitchell Court,Suite 69
Libbie,Abby,Female,Niños Heroes,Tamaulipas,18,9406 Twin Pines Parkway,Apt 1370
Jobie,Fussie,Female,La Esperanza,Tamaulipas,53,90 Haas Hill,14th Floor
Zelig,Rubenczyk,Male,Los Pinos,Tamaulipas,12,6 Packers Trail,PO Box 64996
Yoko,Britzius,Female,Magdaleno Aguilar,Tamaulipas,18,6 Bultman Trail,Suite 32
Ulysses,Philipson,Male,Cuauhtemoc,Tamaulipas,66,6579 Acker Avenue,Apt 563
Mic,Congreave,Male,Azteca,Tamaulipas,26,940 Sugar Pass,Apt 1222
Cati,Wilcocks,Female,Altavista,Tamaulipas,85,10250 Raven Plaza,Suite 28
Hymie,Margram,Male,Magdaleno Aguilar,Tamaulipas,52,31408 Esch Circle,1st Floor
Chaim,Goodyear,Male,Jardin,Tamaulipas,80,2311 Bay Avenue,20th Floor
Sheela,Whayman,Female,Loma Alta,Tamaulipas,84,2 Bultman Court,PO Box 23866
Ruby,Cowlard,Female,Las Palmas,Tamaulipas,67,812 Golf View Crossing,PO Box 74712
Melissa,Geeritz,Female,Francisco Villa,Tamaulipas,95,1374 Thackeray Alley,Suite 49
Morse,Piet,Male,Del Valle,Tamaulipas,44,41791 Eagan Parkway,Room 1244
Marcela,Yelding,Female,5 de Mayo,Tamaulipas,47,5 Killdeer Drive,PO Box 59315
Daisie,Doidge,Female,Independencia,Tamaulipas,17,62989 Lake View Road,Apt 819
Myra,Dibdale,Female,Benito Juarez,Tamaulipas,52,5573 Dayton Park,Room 716
Gretal,Fallis,Female,Guadalupe Victoria,Tamaulipas,95,14585 Delaware Plaza,Room 962
Olive,Georgeot,Female,Azteca,Tamaulipas,6,4377 Dottie Place,1st Floor
Raddy,Klimushev,Male,Emiliano Zapata,Tamaulipas,100,76 Blue Bill Park Street,PO Box 35712
Corrie,Marchent,Male,Lazaro Cardenas,Tamaulipas,93,41 New Castle Pass,Apt 1807
Bary,Falconer-Taylor,Male,Vista Hermosa,Tamaulipas,48,86 Glacier Hill Lane,PO Box 47882
Juliette,Slee,Female,Los Pinos,Tamaulipas,71,62 Armistice Crossing,Apt 392
Killian,Fancourt,Male,Lazaro Cardenas,Tamaulipas,63,07 Coolidge Trail,PO Box 33555
Kaila,Gulleford,Female,Loma Alta,Tamaulipas,30,9 Express Pass,Room 1223
Padraig,Reily,Male,Lazaro Cardenas,Tamaulipas,20,9350 Hudson Parkway,3rd Floor
Aldin,Thomassin,Male,Magdaleno Aguilar,Tamaulipas,67,56 Nobel Place,PO Box 86386
Frieda,Huncote,Female,Las Palmas,Tamaulipas,54,5744 Haas Crossing,Suite 8
Brnaby,Broggini,Male,Los Fresnos,Tamaulipas,70,32853 Darwin Alley,Suite 23
Benton,McGuane,Male,5 de Mayo,Tamaulipas,93,4 Huxley Terrace,Room 218
Mellisent,Shurmore,Female,Benito Juarez,Tamaulipas,88,47 Spenser Alley,Apt 667
Rosaline,Piner,Female,Tamaulipas,Tamaulipas,96,232 Ridge Oak Terrace,Room 273
Abram,Blaszczynski,Male,Miguel Hidalgo,Tamaulipas,50,60 Logan Drive,Apt 1702
Joellyn,Bollom,Female,San Antonio,Tamaulipas,94,9 Charing Cross Court,PO Box 97479
Marco,Toy,Male,Las Flores,Tamaulipas,99,579 Transport Point,PO Box 73437
Hamil,Allitt,Male,Francisco Villa,Tamaulipas,26,9135 Prentice Lane,12th Floor
Averill,Lowes,Male,Revolucion Verde,Tamaulipas,40,93 Katie Trail,Room 913
Aldrich,Grigoroni,Male,Solidaridad,Tamaulipas,52,678 Grim Point,Room 926
Berenice,Wardhaugh,Female,Obrera,Tamaulipas,6,353 Havey Lane,Room 1112
Syman,McShane,Male,Los Fresnos,Tamaulipas,35,71 Elgar Road,Room 395
Rafael,Leedal,Male,Francisco I Madero,Tamaulipas,1,7 Ohio Lane,Room 801
Suzie,Trudgian,Female,Miguel Hidalgo,Tamaulipas,12,38 Holy Cross Court,Room 1631
Winfield,Oliphand,Male,La Esperanza,Tamaulipas,98,1993 Forest Dale Alley,13th Floor
Inness,Chilles,Male,Lazaro Cardenas,Tamaulipas,33,8597 La Follette Point,Room 456
Bibi,Nann,Female,La Esperanza,Tamaulipas,54,9 Tennessee Way,PO Box 59981
Enrique,Stoyell,Male,Niños Heroes,Tamaulipas,21,42248 Reindahl Parkway,4th Floor
Claudelle,Seaborn,Female,Loma Alta,Tamaulipas,9,1708 Summerview Alley,PO Box 60165
Ike,Giraudat,Male,Emiliano Zapata,Tamaulipas,60,9 Gina Circle,6th Floor
Sigismund,Salthouse,Male,La Esperanza,Tamaulipas,86,6008 Meadow Valley Junction,Apt 873
Nanete,Dorgon,Female,San Francisco,Tamaulipas,74,251 Delladonna Trail,Suite 22
Davis,Vallerine,Male,Las Palmas,Tamaulipas,33,0563 Ruskin Park,11th Floor
Arther,Ogan,Male,Obrera,Tamaulipas,44,836 Hintze Avenue,Suite 10
Ora,Close,Female,Los Pinos,Tamaulipas,44,975 6th Lane,Room 931
Cheston,Dearth,Male,San Antonio,Tamaulipas,36,8399 Birchwood Way,Apt 1968
Feliza,La Vigne,Female,Lazaro Cardenas,Tamaulipas,50,5 Starling Court,Room 1566
Glynnis,Lightowler,Female,Los Fresnos,Tamaulipas,26,68410 Oak Court,19th Floor
Wernher,Cissell,Male,Del Valle,Tamaulipas,42,93 Lukken Pass,Room 140
Winifred,Havoc,Female,Emiliano Zapata,Tamaulipas,59,1295 Ridge Oak Plaza,Suite 56
Alford,Hallawell,Male,Guadalupe Victoria,Tamaulipas,92,7 Corben Circle,Room 176
Archie,Archley,Male,Lazaro Cardenas,Tamaulipas,68,32 Moulton Drive,Apt 1747
Broderick,Verty,Male,Miguel Hidalgo,Tamaulipas,28,0961 Rigney Park,10th Floor
Alvan,Deason,Male,Miguel Hidalgo,Tamaulipas,49,258 Erie Lane,Suite 93
Aleece,Macey,Female,Obrera,Tamaulipas,48,6536 Westport Hill,PO Box 31741
Hodge,Gauche,Male,Miguel Hidalgo,Tamaulipas,55,69 6th Parkway,Suite 65
Kain,Pitway,Male,Francisco Villa,Tamaulipas,41,8 Amoth Street,Suite 27
Jamie,Fer,Male,Tamaulipas,Tamaulipas,85,0 Talmadge Way,Suite 92
Randi,Margaret,Male,Tamaulipas,Tamaulipas,24,94045 Lindbergh Terrace,Apt 633
Bartholemy,Bradnick,Male,Altavista,Tamaulipas,79,6437 Vera Way,3rd Floor
Pat,Launchbury,Female,La Esperanza,Tamaulipas,72,827 Bobwhite Road,16th Floor
Harriot,Caswell,Female,Del Valle,Tamaulipas,33,09 Crownhardt Junction,Suite 35
Iggie,Atkinson,Male,Emiliano Zapata,Tamaulipas,6,471 Morrow Park,12th Floor
Keven,Dumphrey,Male,Las Palmas,Tamaulipas,86,4846 Florence Lane,Room 1460
Benny,Esterbrook,Male,Francisco Villa,Tamaulipas,27,2 Mifflin Way,9th Floor
Tito,Gaynesford,Male,Los Pinos,Tamaulipas,64,28 Del Sol Parkway,Apt 604
Tod,Misson,Male,Manuel Cavazos Lerma,Tamaulipas,100,57786 Crownhardt Center,Room 154
Tiphani,Bedells,Female,Altavista,Tamaulipas,90,5108 Dottie Pass,Suite 27
Jori,Sherborne,Female,Las Palmas,Tamaulipas,37,39197 Kensington Junction,PO Box 70310
Adey,Izard,Female,Vista Hermosa,Tamaulipas,16,3 Clove Park,Suite 18
Donetta,Hurche,Female,Manuel Cavazos Lerma,Tamaulipas,77,1135 Stone Corner Parkway,1st Floor
Mathilda,Emlin,Female,Emiliano Zapata,Tamaulipas,89,3 Eagle Crest Avenue,Suite 57
Hanson,Hodcroft,Male,Jardin,Tamaulipas,86,40 Farragut Circle,Suite 96
Kora,Castaignet,Female,Emiliano Zapata,Tamaulipas,74,5243 Graedel Street,2nd Floor
Roselin,Nerne,Female,La Esperanza,Tamaulipas,72,0345 Troy Plaza,PO Box 19228
Adelina,Kupec,Female,Vista Hermosa,Tamaulipas,93,7 Onsgard Avenue,PO Box 61498
Kristo,Essam,Male,La Esperanza,Tamaulipas,88,6652 Hauk Trail,3rd Floor
Emlen,Mouncey,Male,Las Flores,Tamaulipas,48,8 Carioca Road,7th Floor
Laryssa,Bagot,Female,La Esperanza,Tamaulipas,42,12 Buell Place,Room 1064
Baudoin,Doerrling,Male,Las Americas,Tamaulipas,91,4 Burning Wood Pass,2nd Floor
Rozele,Woolbrook,Female,Buenavista,Tamaulipas,36,92 Northridge Street,PO Box 20688
Laurene,Piddlesden,Female,Buenavista,Tamaulipas,49,2361 Mallard Point,Suite 65
Violet,Widmoor,Female,Las Americas,Tamaulipas,87,92731 Thierer Trail,Room 1675
Thekla,Klagge,Female,Solidaridad,Tamaulipas,63,54240 Union Way,Suite 16
Haven,Gatherer,Male,Vista Hermosa,Tamaulipas,81,5 Logan Hill,Room 463
Hyatt,Stendell,Male,Cuauhtemoc,Tamaulipas,59,1676 Clove Pass,18th Floor
Ced,Heningam,Male,5 de Mayo,Tamaulipas,51,890 Superior Way,Room 1659
Afton,Dimbleby,Female,Loma Alta,Tamaulipas,69,4328 Waubesa Way,16th Floor
Jedidiah,Swetenham,Male,Francisco Villa,Tamaulipas,10,63 Express Circle,Room 1094
Elaine,Olenin,Female,Altavista,Tamaulipas,56,96481 Arkansas Drive,Apt 1238
Karil,Hillhouse,Female,Obrera,Tamaulipas,34,619 Charing Cross Way,PO Box 34091
Evvie,Kimbly,Female,San Antonio,Tamaulipas,29,03828 Autumn Leaf Alley,8th Floor
Philis,Prine,Female,Obrera,Tamaulipas,87,6 Farragut Parkway,Suite 91
Humfried,Weeks,Male,Manuel Cavazos Lerma,Tamaulipas,26,7 Norway Maple Center,PO Box 94014
Kienan,Abeles,Male,5 de Mayo,Tamaulipas,19,735 Monument Terrace,Suite 91
Betteanne,Trimming,Female,Cuauhtemoc,Tamaulipas,42,4 Starling Court,Apt 577
Trenna,Cardus,Female,Lazaro Cardenas,Tamaulipas,59,32082 Carey Park,Suite 58
Gibby,Prudham,Male,Del Valle,Tamaulipas,84,6 Delladonna Center,18th Floor
Zelda,Chorley,Female,Tamaulipas,Tamaulipas,53,726 Knutson Crossing,Suite 65
Georgi,Tadman,Male,Niños Heroes,Tamaulipas,63,896 Sutteridge Avenue,PO Box 93744
Valentijn,Partridge,Male,Lazaro Cardenas,Tamaulipas,6,7 Riverside Pass,Room 1558
Bourke,Morton,Male,Tamaulipas,Tamaulipas,65,07005 Golf View Center,Room 678
Beniamino,Lesek,Male,Del Valle,Tamaulipas,24,415 Sullivan Alley,PO Box 19455
Joelynn,Bragger,Female,Buenavista,Tamaulipas,35,91 Crest Line Lane,PO Box 29686
Freemon,Milbank,Male,5 de Mayo,Tamaulipas,85,74 Judy Trail,Apt 1562
Sofie,Gonzalvo,Female,Los Fresnos,Tamaulipas,94,5 Sutteridge Crossing,PO Box 43108
Hannah,OCarney,Female,5 de Mayo,Tamaulipas,79,88 Delaware Trail,Apt 1299
Idaline,Maier,Female,Obrera,Tamaulipas,77,28 Merrick Street,Room 10
Murray,Liley,Male,Francisco I Madero,Tamaulipas,1,85739 Lunder Crossing,Room 514
Vitia,Hanscomb,Female,Manuel Cavazos Lerma,Tamaulipas,7,56 Pankratz Court,8th Floor
Melisandra,Karby,Female,Obrera,Tamaulipas,87,02171 3rd Road,7th Floor
Mona,Sambrok,Female,Obrera,Tamaulipas,32,4123 Kropf Street,PO Box 80050
Charlie,Geach,Male,Benito Juarez,Tamaulipas,86,8 Reindahl Pass,Apt 49
Ambur,Delhay,Female,Los Pinos,Tamaulipas,42,82877 Kedzie Center,10th Floor
Dreddy,Goede,Female,Altavista,Tamaulipas,96,22285 Towne Drive,Suite 40
Ingram,Redmire,Male,Tamaulipas,Tamaulipas,59,64 Mayfield Lane,4th Floor
Emmott,Figger,Male,Los Pinos,Tamaulipas,64,8 Dahle Road,14th Floor
Luise,Langlands,Female,Lazaro Cardenas,Tamaulipas,48,3652 Menomonie Junction,Apt 868
Lorrin,Gounin,Female,Del Valle,Tamaulipas,82,1383 Lakewood Crossing,Room 1325
Ava,Comizzoli,Female,Los Fresnos,Tamaulipas,82,7 Park Meadow Alley,Apt 701
Codie,McFaell,Male,Altavista,Tamaulipas,55,4 Cottonwood Hill,PO Box 68516
Christoforo,De Lasci,Male,Manuel Cavazos Lerma,Tamaulipas,56,4666 Division Drive,PO Box 62813
Kylie,Skyppe,Male,Miguel Hidalgo,Tamaulipas,41,99 Eliot Park,Suite 77
Cliff,Brixey,Male,Vista Hermosa,Tamaulipas,6,7680 Bultman Place,Apt 1785
Lyle,Muirden,Male,Niños Heroes,Tamaulipas,80,6396 Del Mar Alley,6th Floor
Culley,Hyndley,Male,5 de Mayo,Tamaulipas,60,51785 Duke Court,Room 196
Grantham,Beeby,Male,Altavista,Tamaulipas,9,64 Doe Crossing Circle,Room 1694
Sophia,Steffan,Female,Lazaro Cardenas,Tamaulipas,18,7 Thierer Crossing,Room 1370
Damian,Maric,Male,Vista Hermosa,Tamaulipas,100,00577 Manley Center,Apt 844
Susann,Canniffe,Female,Los Pinos,Tamaulipas,63,8445 Iowa Drive,Room 772
Ruthanne,Rysdale,Female,Altavista,Tamaulipas,99,6 Gateway Plaza,Suite 89
Danika,Beddie,Female,Emiliano Zapata,Tamaulipas,84,39445 Fordem Court,Room 963
Eydie,Bebbell,Female,San Antonio,Tamaulipas,75,5 American Ash Junction,PO Box 89670
Munroe,Buckie,Male,Las Flores,Tamaulipas,42,2 Fairfield Terrace,Apt 286
Erroll,Jankin,Male,Del Valle,Tamaulipas,55,043 Rigney Alley,PO Box 74382
Morris,Coste,Male,Emiliano Zapata,Tamaulipas,53,20 Mcbride Road,PO Box 26049
Shaine,Menham,Female,Guadalupe Victoria,Tamaulipas,87,871 Gina Alley,Apt 448
Grady,Boldison,Male,Benito Juarez,Tamaulipas,50,16328 Blue Bill Park Pass,15th Floor
Phillip,Denyukin,Male,San Francisco,Tamaulipas,67,115 Meadow Ridge Crossing,Apt 1588
Elwira,Skipp,Female,Miguel Hidalgo,Tamaulipas,58,31 Luster Point,Apt 71
Amata,Isack,Female,Las Americas,Tamaulipas,87,4940 Northwestern Place,Apt 570
Serena,Denisovo,Female,Las Americas,Tamaulipas,70,8 Messerschmidt Hill,Room 103
Amandie,Mecco,Female,Obrera,Tamaulipas,16,4 Emmet Avenue,PO Box 88288
Melantha,Thelwll,Female,Independencia,Tamaulipas,55,697 Upham Point,PO Box 90658
Gabriel,McCarroll,Male,Jardin,Tamaulipas,68,352 Utah Point,Suite 12
Cristal,Papps,Female,San Francisco,Tamaulipas,26,4 Jenifer Drive,PO Box 27185
Krystal,McDonald,Female,Buenavista,Tamaulipas,52,9 Barnett Plaza,Suite 75
Tierney,Coulman,Female,Altavista,Tamaulipas,74,59 Garrison Pass,PO Box 7080
Worthy,Stainsby,Male,Tamaulipas,Tamaulipas,45,7 Bowman Pass,19th Floor
Clement,Yuryichev,Male,Buenavista,Tamaulipas,13,46234 Stephen Junction,13th Floor
Gisele,Jerok,Female,Del Valle,Tamaulipas,33,375 Loftsgordon Court,Room 1867
Hyacintha,Dobby,Female,Guadalupe Victoria,Tamaulipas,51,856 Meadow Vale Avenue,16th Floor
Reinwald,Boal,Male,Loma Alta,Tamaulipas,19,3 East Plaza,PO Box 99148
Dell,Japp,Male,Los Fresnos,Tamaulipas,62,4 Dahle Crossing,Suite 67
Shawna,Janusik,Female,Cuauhtemoc,Tamaulipas,18,580 Derek Court,Suite 5
Rem,McGeagh,Male,Lazaro Cardenas,Tamaulipas,50,59 Sachtjen Pass,Suite 95
Cele,Plowman,Female,Magdaleno Aguilar,Tamaulipas,49,33 Pleasure Court,PO Box 57297
Lenna,Weekly,Female,Benito Juarez,Tamaulipas,2,277 Blaine Circle,Suite 85
Thedric,Jurisch,Male,Azteca,Tamaulipas,86,75 Lake View Place,PO Box 48326
Bay,Thumnel,Male,Independencia,Tamaulipas,72,8 Waywood Trail,Apt 1639
Hadria,Rundall,Female,Magdaleno Aguilar,Tamaulipas,98,664 Bunker Hill Junction,Apt 1286
Moyna,Brind,Female,Loma Alta,Tamaulipas,24,32543 Mayer Hill,Apt 772
Rancell,MacAndreis,Male,Niños Heroes,Tamaulipas,62,30 Brown Avenue,10th Floor
Ramsay,Henken,Male,Vista Hermosa,Tamaulipas,39,7 7th Circle,Apt 232
Reube,Petrou,Male,Miguel Hidalgo,Tamaulipas,96,59 Grim Pass,PO Box 13686
Theda,Dumsday,Female,La Esperanza,Tamaulipas,52,0208 Anhalt Center,Room 212
Saundra,Tedorenko,Male,Tamaulipas,Tamaulipas,88,15 Mcguire Court,8th Floor
Ephraim,Sone,Male,Tamaulipas,Tamaulipas,33,259 Crowley Avenue,Apt 1040
Noble,Shubotham,Male,Miguel Hidalgo,Tamaulipas,72,9 North Road,Suite 15
Guillermo,Cockshtt,Male,Emiliano Zapata,Tamaulipas,13,085 Goodland Junction,Suite 84
Jacquelyn,Ivimy,Female,La Esperanza,Tamaulipas,5,626 Steensland Pass,Suite 80
Rebeka,Wickrath,Female,Obrera,Tamaulipas,86,98810 Warner Trail,11th Floor
Daron,Insull,Female,Los Fresnos,Tamaulipas,28,1676 Summerview Drive,Room 1878
Cesaro,Le Brom,Male,Las Flores,Tamaulipas,33,57 Northland Trail,PO Box 73004
Minda,Andriveaux,Female,San Francisco,Tamaulipas,6,4284 Eliot Street,Suite 86
Jandy,Wardle,Female,Los Pinos,Tamaulipas,32,22 Ryan Avenue,Suite 16
Lannie,Huniwall,Male,Revolucion Verde,Tamaulipas,43,9991 Montana Park,PO Box 44193
Vidovic,Beatey,Male,Manuel Cavazos Lerma,Tamaulipas,81,96 Mcguire Point,PO Box 93389
Ranice,Chadwick,Female,San Francisco,Tamaulipas,51,4 Everett Terrace,Apt 561
Erny,Witty,Male,Los Fresnos,Tamaulipas,54,35970 Jenna Street,PO Box 84605
Mitzi,Girk,Female,Loma Alta,Tamaulipas,82,7 Sunfield Alley,PO Box 842
Rex,Bigmore,Male,Jardin,Tamaulipas,29,6686 Nevada Junction,18th Floor
Gladi,Yude,Female,Miguel Hidalgo,Tamaulipas,45,66 Oxford Drive,PO Box 1081
Lin,Trank,Female,Lazaro Cardenas,Tamaulipas,93,26 Northview Junction,Apt 1380
Mitchel,Skews,Male,La Esperanza,Tamaulipas,76,76 Hauk Alley,6th Floor
Joye,Jouhan,Female,Azteca,Tamaulipas,85,2 Pine View Road,18th Floor
Marlon,Goggey,Male,Obrera,Tamaulipas,44,3 Mcguire Terrace,Apt 300
Tybalt,Hulland,Male,Lazaro Cardenas,Tamaulipas,20,905 Holmberg Circle,Room 524
Ethe,Gadeaux,Male,Niños Heroes,Tamaulipas,63,038 Clyde Gallagher Pass,Suite 84
Dorisa,Bowdrey,Female,Francisco I Madero,Tamaulipas,26,412 Cardinal Crossing,PO Box 5390
Demetris,Haskayne,Female,Las Flores,Tamaulipas,92,4794 Mandrake Road,Apt 1838
Geoffry,Rudsdale,Male,Cuauhtemoc,Tamaulipas,85,85951 Oak Valley Alley,Suite 34
Jecho,Boecke,Male,Las Flores,Tamaulipas,43,3 Bluestem Parkway,Apt 718
Neddie,Fleeman,Male,Buenavista,Tamaulipas,74,6 Jana Junction,Room 388
Eadith,Cline,Female,Lazaro Cardenas,Tamaulipas,7,04708 Kensington Terrace,Room 21
Abby,Ledgard,Male,Guadalupe Victoria,Tamaulipas,81,4 Amoth Drive,PO Box 7057
Cris,Rooney,Female,Tamaulipas,Tamaulipas,37,52766 Ryan Point,Suite 56
Lethia,Blaszczak,Female,Vista Hermosa,Tamaulipas,1,19 Pond Drive,Suite 46
Klarrisa,Lauga,Female,Altavista,Tamaulipas,10,066 Hooker Road,Room 1125
Cosme,Guynemer,Male,Vista Hermosa,Tamaulipas,90,975 Farwell Plaza,Apt 8
Glenda,Jackson,Female,Las Flores,Tamaulipas,99,786 Lakewood Drive,1st Floor
Elyssa,Preuvost,Female,Tamaulipas,Tamaulipas,10,6 Glendale Crossing,Room 511
Catherin,Algate,Female,Independencia,Tamaulipas,10,72 Division Drive,PO Box 59748
Katerina,Lacknor,Female,Jardin,Tamaulipas,70,43986 Lerdahl Drive,PO Box 51513
Gavin,Hulett,Male,Francisco I Madero,Tamaulipas,41,9 Muir Alley,Room 861
Leighton,MacAscaidh,Male,Cuauhtemoc,Tamaulipas,84,96045 Longview Pass,Room 1844
Ranique,Aliman,Female,Solidaridad,Tamaulipas,51,8352 Cherokee Lane,PO Box 56821
Natal,Corser,Male,Vista Hermosa,Tamaulipas,68,6 Hanson Court,PO Box 58292
Maisie,McLucas,Female,Independencia,Tamaulipas,45,07180 Anniversary Street,Room 1156
Marlowe,Hannigan,Male,Las Palmas,Tamaulipas,58,44801 Butterfield Park,Suite 83
Helaine,Wimlett,Female,Loma Alta,Tamaulipas,73,7 Myrtle Avenue,Apt 972
Laurene,Swine,Female,Del Valle,Tamaulipas,95,8870 Summer Ridge Park,13th Floor
Elisha,LEpiscopio,Female,Francisco Villa,Tamaulipas,62,17 Gateway Place,Suite 91
Dorotea,McCunn,Female,Lazaro Cardenas,Tamaulipas,53,9087 Bay Park,Apt 1634
Werner,De Santos,Male,Azteca,Tamaulipas,81,33 Boyd Trail,Suite 6
Kaye,Starbucke,Female,San Antonio,Tamaulipas,79,19603 Parkside Park,2nd Floor
Ainslee,Rickerd,Female,Loma Alta,Tamaulipas,91,6638 Commercial Park,PO Box 95440
Giff,Uccello,Male,Las Flores,Tamaulipas,64,7690 John Wall Pass,Suite 78
Naomi,Maccrae,Female,Las Flores,Tamaulipas,67,47300 Continental Plaza,Suite 27
Feliza,Towson,Female,Los Fresnos,Tamaulipas,57,8 Aberg Park,Room 1459
Wolfie,Oldred,Male,Obrera,Tamaulipas,64,18 Cordelia Park,Room 1928
Charlie,Huet,Male,Benito Juarez,Tamaulipas,65,8424 Judy Hill,Room 1677
Iorgos,Mold,Male,Benito Juarez,Tamaulipas,70,65358 Oriole Pass,Suite 89
Forster,Ayscough,Male,Azteca,Tamaulipas,95,1568 Darwin Lane,PO Box 73197
Stormy,Mattam,Female,Magdaleno Aguilar,Tamaulipas,28,0 Fulton Street,8th Floor
Craggy,Salmen,Male,Miguel Hidalgo,Tamaulipas,97,113 Lotheville Place,5th Floor
Cristobal,Lythgoe,Male,Jardin,Tamaulipas,9,947 Troy Center,Suite 69
Leoline,Brisard,Female,Magdaleno Aguilar,Tamaulipas,46,81636 Lawn Parkway,PO Box 65128
Lannie,Hagston,Male,Francisco Villa,Tamaulipas,56,3101 Buhler Plaza,Suite 60
Jacinta,Spittal,Female,Independencia,Tamaulipas,12,319 Bobwhite Lane,Room 1464
Roddie,Gammet,Male,Miguel Hidalgo,Tamaulipas,76,36 Milwaukee Point,11th Floor
Brandtr,Jacquemy,Male,Revolucion Verde,Tamaulipas,80,98 Manufacturers Avenue,Room 939
Maynard,Bineham,Male,Francisco I Madero,Tamaulipas,42,91 Londonderry Circle,Room 585
Nappy,Dimblebee,Male,Manuel Cavazos Lerma,Tamaulipas,11,88 Schlimgen Plaza,16th Floor
Rianon,Gabbotts,Female,Loma Alta,Tamaulipas,8,0 Hoffman Point,Apt 1910
Ketty,Meaney,Female,Emiliano Zapata,Tamaulipas,38,133 Westridge Trail,Room 1045
Matti,Laurant,Female,Francisco Villa,Tamaulipas,20,314 Mallard Circle,Room 1255
Norbie,Byforth,Male,Independencia,Tamaulipas,55,70797 Orin Plaza,PO Box 74709
Randy,Bernier,Male,Francisco I Madero,Tamaulipas,50,60 Doe Crossing Crossing,Apt 1055
Charlena,Yepiskov,Female,La Esperanza,Tamaulipas,42,53 Barnett Road,11th Floor
Thelma,Madge,Female,San Francisco,Tamaulipas,42,7 Sutherland Plaza,Apt 996
Arne,Itshak,Male,Independencia,Tamaulipas,44,8 Pennsylvania Point,Room 1536
Alfonso,Grute,Male,Manuel Cavazos Lerma,Tamaulipas,5,0898 Melody Pass,4th Floor
Buiron,Burhouse,Male,Obrera,Tamaulipas,57,22 Blue Bill Park Point,19th Floor
Huntley,Pritchitt,Male,Las Palmas,Tamaulipas,7,86334 Merchant Terrace,Apt 589
Zared,Fruish,Male,Benito Juarez,Tamaulipas,51,56125 Helena Avenue,Room 1346
Adrienne,Jimes,Female,Jardin,Tamaulipas,73,89817 Norway Maple Point,6th Floor
Catlaina,Fallow,Female,San Antonio,Tamaulipas,50,384 Messerschmidt Court,Room 1006
Gerhard,Demkowicz,Male,Independencia,Tamaulipas,96,7436 Charing Cross Street,Suite 14
Paulina,OKieran,Female,Magdaleno Aguilar,Tamaulipas,58,13 Summer Ridge Way,Apt 1510
Yetta,Mewes,Female,Solidaridad,Tamaulipas,53,86318 Pine View Avenue,Room 1167
Hogan,Burehill,Male,Las Americas,Tamaulipas,44,53510 Washington Circle,Room 1480
Margarete,Stoneman,Female,Tamaulipas,Tamaulipas,73,3579 Fremont Lane,14th Floor
Marin,Robley,Female,Solidaridad,Tamaulipas,45,941 Donald Alley,PO Box 36445
Tate,Philipeau,Female,Del Valle,Tamaulipas,53,509 Loeprich Pass,15th Floor
Oliver,Preist,Male,Las Americas,Tamaulipas,99,475 Blue Bill Park Pass,PO Box 56945
Worden,Ivens,Male,Miguel Hidalgo,Tamaulipas,10,38 Dahle Alley,Room 1443
Terence,Fielden,Male,Solidaridad,Tamaulipas,41,477 Hanover Hill,Apt 992
Mandie,Millwater,Female,5 de Mayo,Tamaulipas,28,3531 Heffernan Hill,Room 1142
Sharl,Pidgeley,Female,Azteca,Tamaulipas,58,6 Summerview Place,Suite 34
Sofie,Pyer,Female,Solidaridad,Tamaulipas,97,822 Mallory Circle,Room 1924
Patsy,Hughs,Male,Del Valle,Tamaulipas,56,0 Del Mar Way,Suite 62
Anallese,Winham,Female,Vista Hermosa,Tamaulipas,47,94241 Killdeer Court,Room 1516
Heall,Pratton,Male,Jardin,Tamaulipas,4,2 Glendale Lane,Suite 74
Anatole,Flanigan,Male,Miguel Hidalgo,Tamaulipas,67,2 Bultman Junction,Apt 1948
Alaric,Grigori,Male,Tamaulipas,Tamaulipas,13,830 Onsgard Plaza,12th Floor
Muffin,Alcock,Male,Obrera,Tamaulipas,68,60859 Dovetail Lane,9th Floor
Raphael,Stibbs,Male,Buenavista,Tamaulipas,56,9262 Fallview Parkway,Apt 1142
Carter,Coniam,Male,5 de Mayo,Tamaulipas,47,77 Ronald Regan Way,Apt 1806
Sibella,Douberday,Female,San Antonio,Tamaulipas,27,99335 Lakewood Gardens Drive,Room 1600
Joe,McPhilip,Male,5 de Mayo,Tamaulipas,22,9 Little Fleur Junction,Suite 62
Pietrek,Kopp,Male,5 de Mayo,Tamaulipas,80,05 Park Meadow Place,Apt 1365
Arney,Lawrenceson,Male,Independencia,Tamaulipas,13,44056 Erie Avenue,Room 480
Giuseppe,Friatt,Male,Vista Hermosa,Tamaulipas,1,2 Anzinger Park,3rd Floor
Stefan,Solloway,Male,Manuel Cavazos Lerma,Tamaulipas,91,1222 Pond Way,Suite 73
Quill,Grewar,Male,Loma Alta,Tamaulipas,84,1 Division Terrace,PO Box 19663
Dorene,Spragge,Female,Independencia,Tamaulipas,19,55 Crest Line Lane,Room 156
Edlin,Matchell,Male,Loma Alta,Tamaulipas,75,829 Sullivan Hill,Suite 83
Auberta,Kendal,Female,Independencia,Tamaulipas,77,54 Sutteridge Alley,11th Floor
Serene,Melland,Female,San Francisco,Tamaulipas,85,7 Talmadge Hill,Suite 13
Beck,Awcoate,Male,Niños Heroes,Tamaulipas,23,9 Sachs Park,Room 1063
Celestyn,Breckell,Female,Revolucion Verde,Tamaulipas,58,7 Jenifer Lane,Room 1248
Pamella,Labram,Female,San Francisco,Tamaulipas,97,51605 Schurz Crossing,Room 134
Valerie,Haton,Female,Los Pinos,Tamaulipas,82,89545 Norway Maple Way,PO Box 53337
Poppy,Wheeldon,Female,Miguel Hidalgo,Tamaulipas,98,7 Shopko Trail,PO Box 97025
Dela,Josephson,Female,Jardin,Tamaulipas,100,731 Macpherson Junction,19th Floor
Jerry,Nock,Male,Las Flores,Tamaulipas,65,4 Carberry Court,Suite 31
Dill,Rozzier,Male,San Francisco,Tamaulipas,9,6715 Ruskin Point,Suite 39
Ozzy,Wallentin,Male,Revolucion Verde,Tamaulipas,58,5292 Ohio Pass,PO Box 61821
Stephi,Roskruge,Female,Francisco Villa,Tamaulipas,88,637 Surrey Terrace,Apt 681
Em,Flippini,Female,Las Americas,Tamaulipas,29,9 Ilene Trail,Room 1355
Yankee,Wehner,Male,Vista Hermosa,Tamaulipas,52,71056 Continental Court,PO Box 22811
Cecelia,Garrad,Female,La Esperanza,Tamaulipas,98,24413 Norway Maple Circle,PO Box 71592
Baxy,Mannooch,Male,Altavista,Tamaulipas,63,33349 Garrison Alley,9th Floor
Tobe,Venneur,Female,San Francisco,Tamaulipas,100,90 Nevada Park,Apt 1500
Kendrick,Elderidge,Male,Lazaro Cardenas,Tamaulipas,19,2819 Ruskin Junction,Suite 4
Lombard,Worlock,Male,Independencia,Tamaulipas,62,1036 Muir Lane,7th Floor
Hillie,Lankham,Male,Las Flores,Tamaulipas,86,13 Blackbird Point,PO Box 1334
Templeton,Rikel,Male,Obrera,Tamaulipas,33,51828 Lighthouse Bay Lane,Room 1928
Mavis,Napolitano,Female,Buenavista,Tamaulipas,48,95869 North Crossing,Room 1532
Horton,Norsister,Male,Buenavista,Tamaulipas,28,86375 Park Meadow Street,PO Box 91795
Latia,Arundale,Female,Altavista,Tamaulipas,11,966 Holmberg Plaza,PO Box 36720
Ysabel,Dicken,Female,Vista Hermosa,Tamaulipas,1,624 Menomonie Park,PO Box 11891
Trudy,Gawne,Female,La Esperanza,Tamaulipas,34,15093 Gale Center,Room 1862
Beverlie,Balas,Female,Las Flores,Tamaulipas,5,41278 Buhler Place,PO Box 56100
Aurie,Haacker,Female,Las Palmas,Tamaulipas,72,7 Monument Junction,Room 825
Ashien,Brunini,Female,Benito Juarez,Tamaulipas,7,610 Daystar Crossing,Room 1888
Shurlocke,Foyston,Male,Vista Hermosa,Tamaulipas,53,8129 Banding Crossing,PO Box 84984
Rudyard,Boneham,Male,Loma Alta,Tamaulipas,79,4143 Amoth Plaza,PO Box 55022
Chryste,Faulkes,Female,Solidaridad,Tamaulipas,91,185 Hanson Terrace,Suite 10
Arlana,Murphey,Female,Las Palmas,Tamaulipas,37,64151 Cardinal Parkway,PO Box 70508
Ara,Le Floch,Male,Tamaulipas,Tamaulipas,91,7660 Florence Plaza,Suite 48
Dulsea,Glawsop,Female,5 de Mayo,Tamaulipas,37,97395 Macpherson Circle,Suite 88
Verge,Winridge,Male,Miguel Hidalgo,Tamaulipas,3,731 Hooker Trail,Suite 68
Kendall,Milborn,Male,San Francisco,Tamaulipas,26,305 Glacier Hill Trail,Apt 1044
Marven,Bere,Male,Niños Heroes,Tamaulipas,91,6 Shoshone Plaza,Apt 956
Arny,Pauletto,Male,Las Americas,Tamaulipas,2,32342 Helena Alley,Suite 70
Myer,Matzaitis,Male,Las Flores,Tamaulipas,68,6268 Summer Ridge Junction,PO Box 64301
Aristotle,Lauret,Male,Lazaro Cardenas,Tamaulipas,10,970 Express Point,PO Box 70163
Julie,McCrory,Male,San Antonio,Tamaulipas,12,16104 Stephen Terrace,5th Floor
Malvin,Tempest,Male,Obrera,Tamaulipas,2,3286 Mosinee Drive,PO Box 73567
Glen,Gierck,Male,Francisco I Madero,Tamaulipas,46,068 West Place,Suite 58
Yasmin,Okill,Female,Lazaro Cardenas,Tamaulipas,62,21 Pierstorff Court,Room 1437
Whitaker,Nisius,Male,Magdaleno Aguilar,Tamaulipas,17,692 Saint Paul Pass,Suite 17
Noelyn,Philipard,Female,Emiliano Zapata,Tamaulipas,97,63 Talisman Way,14th Floor
Friedrich,Issac,Male,Manuel Cavazos Lerma,Tamaulipas,8,2 Welch Parkway,16th Floor
Turner,Toffanini,Male,Cuauhtemoc,Tamaulipas,86,3825 Darwin Alley,17th Floor
Berty,Charlo,Female,Magdaleno Aguilar,Tamaulipas,100,1988 Warrior Point,Apt 413
Pavlov,Nevet,Male,Del Valle,Tamaulipas,91,3 Quincy Court,PO Box 28730
Arron,Tudhope,Male,Revolucion Verde,Tamaulipas,15,93 Longview Terrace,PO Box 14564
Gaby,Bratton,Male,Solidaridad,Tamaulipas,39,65230 Ramsey Way,Room 1727
Lauryn,Flucker,Female,Francisco Villa,Tamaulipas,40,5967 Badeau Drive,Suite 5
Romy,Pitson,Female,Solidaridad,Tamaulipas,14,6 Oneill Terrace,Suite 9
Dwight,Bagg,Male,San Antonio,Tamaulipas,44,87 Hintze Alley,Room 1862
Sibyl,Vasiliu,Male,Las Americas,Tamaulipas,33,4 Magdeline Lane,Room 872
Rebekkah,Greenstock,Female,Cuauhtemoc,Tamaulipas,38,51614 Northwestern Alley,PO Box 23742
Ariadne,aManger,Female,Emiliano Zapata,Tamaulipas,2,72 1st Avenue,Suite 74
Trisha,Le Guin,Female,Obrera,Tamaulipas,98,6 Alpine Avenue,Room 1136
Reamonn,Clewlowe,Male,Lazaro Cardenas,Tamaulipas,61,754 Lakeland Pass,Room 615
Brandyn,Sidgwick,Male,Las Palmas,Tamaulipas,65,45337 Thierer Drive,Room 1991
Leland,Blockley,Female,Las Palmas,Tamaulipas,45,42787 Melvin Circle,Room 537
Jessamine,Bremen,Female,Magdaleno Aguilar,Tamaulipas,89,7430 Merrick Junction,Apt 251
Clemmy,Bowles,Female,Benito Juarez,Tamaulipas,10,471 Coleman Place,PO Box 63567
Callean,Tedder,Male,Los Fresnos,Tamaulipas,23,049 Portage Avenue,1st Floor
Yurik,Khilkov,Male,Obrera,Tamaulipas,36,695 Ridge Oak Parkway,PO Box 77606
Devland,Josefsson,Male,Tamaulipas,Tamaulipas,82,724 Florence Avenue,12th Floor
Evanne,Gosart,Female,Independencia,Tamaulipas,4,4975 Fair Oaks Road,Apt 1978
Ailey,Calbaithe,Female,Lazaro Cardenas,Tamaulipas,33,866 Schiller Lane,16th Floor
Reggis,Arden,Male,Los Fresnos,Tamaulipas,7,9 Northridge Parkway,2nd Floor
Burnard,Ivanichev,Male,Azteca,Tamaulipas,100,73341 Valley Edge Trail,9th Floor
Keeley,Keeves,Female,Guadalupe Victoria,Tamaulipas,24,871 Steensland Park,Suite 3
Ingra,Gilkison,Male,San Antonio,Tamaulipas,93,728 Warbler Way,PO Box 33184
Dasya,Bailey,Female,Obrera,Tamaulipas,48,5496 Merrick Place,PO Box 56495
Peggie,Gippes,Female,Miguel Hidalgo,Tamaulipas,98,06 Upham Drive,Apt 1463
Gwynne,Ryton,Female,Magdaleno Aguilar,Tamaulipas,13,17489 Sutteridge Lane,PO Box 86620
Florence,Degoix,Female,Tamaulipas,Tamaulipas,29,8803 Paget Street,Suite 28
Moselle,Chasson,Female,San Francisco,Tamaulipas,44,4 Armistice Court,Suite 83
Jacquenette,MacMeanma,Female,San Antonio,Tamaulipas,69,144 Dwight Crossing,PO Box 64057
Erika,Raoux,Female,Los Fresnos,Tamaulipas,50,5 Main Center,Apt 733
Grazia,Kryzhov,Female,Las Americas,Tamaulipas,67,4 Oriole Road,Suite 4
Gar,Aldersey,Male,Obrera,Tamaulipas,21,91 Lien Center,Apt 468
Basilio,Spratt,Male,Manuel Cavazos Lerma,Tamaulipas,48,345 Scoville Court,Room 535
Saundra,Wile,Female,Del Valle,Tamaulipas,53,48731 Warrior Trail,5th Floor
Rodney,Stammler,Male,San Antonio,Tamaulipas,76,91 Lerdahl Trail,PO Box 94838
Paolina,Horsewood,Female,Solidaridad,Tamaulipas,60,78 Main Crossing,Suite 20
Adoree,Housen,Female,Del Valle,Tamaulipas,17,85488 Gale Place,Room 307
Cynthia,Jewkes,Female,Lazaro Cardenas,Tamaulipas,1,2442 Iowa Pass,PO Box 53100
Son,Ranby,Male,La Esperanza,Tamaulipas,88,1005 Del Sol Plaza,Room 1961
Marylin,McLernon,Female,Revolucion Verde,Tamaulipas,56,932 Ludington Avenue,11th Floor
Pattin,Heineking,Male,Los Pinos,Tamaulipas,32,0 Nelson Plaza,Room 1178
Tobe,Mackness,Female,Altavista,Tamaulipas,4,46 Mosinee Crossing,Room 1181
Franchot,OKeeffe,Male,Las Palmas,Tamaulipas,74,863 Bayside Lane,PO Box 83916
Felic,Dionisetti,Male,Solidaridad,Tamaulipas,76,1232 Steensland Parkway,Suite 56
Sayres,Aguirrezabala,Male,Emiliano Zapata,Tamaulipas,27,6881 Russell Circle,Suite 67
Gracie,Marcome,Female,Tamaulipas,Tamaulipas,52,9576 Shopko Crossing,Suite 78
Anstice,Westraw,Female,Benito Juarez,Tamaulipas,67,9 Jenifer Junction,Apt 1540
Melvyn,Stroobant,Male,Vista Hermosa,Tamaulipas,88,6691 Jana Junction,14th Floor
Prisca,Djurkovic,Female,Las Americas,Tamaulipas,4,3428 Monica Lane,PO Box 3986
Nelli,Frill,Female,Cuauhtemoc,Tamaulipas,21,039 Sachtjen Street,Room 1174
Peg,MacUchadair,Female,Las Flores,Tamaulipas,63,251 Rowland Hill,Room 1804
Robinia,Fritter,Female,Las Flores,Tamaulipas,88,86991 Acker Trail,6th Floor
Atalanta,McAless,Female,Las Americas,Tamaulipas,28,05769 Vernon Alley,PO Box 55051
Jo-ann,Duell,Female,Tamaulipas,Tamaulipas,63,57 Sutherland Junction,Apt 1528
Shoshanna,Jovis,Female,Benito Juarez,Tamaulipas,42,858 Lotheville Junction,11th Floor
Panchito,Doni,Male,Emiliano Zapata,Tamaulipas,16,41 Northwestern Avenue,Room 1427
Maurice,Dempsey,Male,Manuel Cavazos Lerma,Tamaulipas,81,1552 Mandrake Court,PO Box 14469
Obadiah,Sallings,Male,Tamaulipas,Tamaulipas,6,156 Bay Plaza,PO Box 64625
Gloriana,Skelhorn,Female,Lazaro Cardenas,Tamaulipas,22,28 Alpine Center,Suite 17
Renaud,Proswell,Male,Benito Juarez,Tamaulipas,92,8 Erie Junction,Apt 200
Ardelis,Seale,Female,Altavista,Tamaulipas,94,48809 Harbort Hill,Suite 54
Braden,Gian,Male,Azteca,Tamaulipas,72,1088 Glacier Hill Terrace,11th Floor
Alvira,Ashforth,Female,Independencia,Tamaulipas,28,12021 New Castle Court,Suite 94
Mart,Doul,Male,Las Americas,Tamaulipas,66,9839 Talisman Drive,Room 668
Itch,Burghill,Male,Los Pinos,Tamaulipas,5,9 Petterle Park,Suite 35
Cristina,Delgua,Female,Los Fresnos,Tamaulipas,97,64 8th Court,Suite 27
Alasteir,Brason,Male,Loma Alta,Tamaulipas,58,78140 Anhalt Place,Apt 664
Teresita,OCleary,Female,Cuauhtemoc,Tamaulipas,44,2583 Arizona Road,Suite 59
Melodee,Craiker,Female,5 de Mayo,Tamaulipas,1,76 Spaight Drive,PO Box 61398
Edgardo,Poles,Male,Magdaleno Aguilar,Tamaulipas,39,6685 Bay Center,Suite 60
Nadya,DAlmeida,Female,Lazaro Cardenas,Tamaulipas,50,48 Harper Avenue,4th Floor
Judah,Woolis,Male,Las Americas,Tamaulipas,13,82991 Clarendon Pass,5th Floor
Pepe,Paxman,Male,Vista Hermosa,Tamaulipas,97,30 Bluestem Circle,Room 1496
Rand,Khalid,Male,Loma Alta,Tamaulipas,86,10343 Park Meadow Circle,Suite 22
Sayre,Westwell,Male,Emiliano Zapata,Tamaulipas,79,2181 Vera Park,8th Floor
Rurik,Mattia,Male,Magdaleno Aguilar,Tamaulipas,89,33 Steensland Park,PO Box 12142
Jaine,MacFaell,Female,Obrera,Tamaulipas,91,271 Valley Edge Way,Room 792
Danny,Copp,Female,La Esperanza,Tamaulipas,36,5 Ruskin Trail,5th Floor
Ewen,McKiernan,Male,Jardin,Tamaulipas,76,5 Summer Ridge Center,PO Box 87119
Fidelio,Lowen,Male,Las Flores,Tamaulipas,23,783 5th Road,Suite 2
Sabra,Heinz,Female,Cuauhtemoc,Tamaulipas,51,7747 Barby Drive,PO Box 43604
Alexio,Lerego,Male,Emiliano Zapata,Tamaulipas,72,2890 Hooker Road,PO Box 33395
Anjanette,Rudkin,Female,Guadalupe Victoria,Tamaulipas,70,45689 Linden Drive,17th Floor
Cecil,Ellingford,Female,Magdaleno Aguilar,Tamaulipas,7,09 Burrows Junction,Suite 52
Nonah,Brent,Female,Los Fresnos,Tamaulipas,50,74 Morrow Drive,Apt 1416
Cody,Inglesent,Male,Azteca,Tamaulipas,41,731 Park Meadow Place,Apt 1856
Ario,Vanes,Male,Independencia,Tamaulipas,10,4492 Orin Road,Apt 983
Sidnee,Newens,Male,Las Palmas,Tamaulipas,88,6271 Village Green Trail,Suite 17
Merv,Digan,Male,Los Pinos,Tamaulipas,56,59 Upham Drive,PO Box 81455
Bartel,Josifovic,Male,Las Americas,Tamaulipas,69,37 Buell Road,Suite 43
Arnold,Rosengren,Male,San Francisco,Tamaulipas,85,19 Buhler Point,Room 21
Giustina,Yurevich,Female,Emiliano Zapata,Tamaulipas,75,21639 Darwin Drive,1st Floor
Barn,Osman,Male,San Francisco,Tamaulipas,1,7534 Meadow Valley Center,14th Floor
Margalo,Maffei,Female,Tamaulipas,Tamaulipas,58,327 Anhalt Circle,PO Box 72333
Luce,Luparti,Male,Las Flores,Tamaulipas,49,1780 6th Point,Room 53
Wrennie,Learmonth,Female,Francisco Villa,Tamaulipas,94,678 Spenser Street,Apt 1501
Layla,Bover,Female,Emiliano Zapata,Tamaulipas,60,95153 Sunfield Pass,1st Floor
Patricia,OCarney,Female,Magdaleno Aguilar,Tamaulipas,90,975 Dovetail Park,Suite 80
Zara,Schwander,Female,Las Flores,Tamaulipas,41,20068 Monument Pass,Room 1292
Arnold,Prew,Male,Revolucion Verde,Tamaulipas,37,6 Talisman Pass,16th Floor
Mallory,Mawd,Female,Manuel Cavazos Lerma,Tamaulipas,26,226 Dorton Trail,Suite 52
Dall,Moorcraft,Male,Los Fresnos,Tamaulipas,76,332 Schlimgen Junction,Room 501
Mirelle,Ianinotti,Female,Revolucion Verde,Tamaulipas,34,87 Oak Trail,10th Floor
Jessamine,Stansbury,Female,Lazaro Cardenas,Tamaulipas,12,37004 Carpenter Junction,Room 705
Geri,Bramah,Male,Independencia,Tamaulipas,24,20825 Bluejay Crossing,Room 1689
Byram,Sharnock,Male,Independencia,Tamaulipas,59,4306 Grayhawk Parkway,PO Box 60806
Nealon,Bevens,Male,Azteca,Tamaulipas,68,59 Division Point,PO Box 96418
Micaela,Agglione,Female,San Francisco,Tamaulipas,29,89 Steensland Place,Room 158
Mariska,Chrippes,Female,San Antonio,Tamaulipas,4,7821 Arapahoe Hill,PO Box 40461
Anabella,Emilien,Female,Niños Heroes,Tamaulipas,55,7543 Sullivan Plaza,Suite 73
Bennett,Brettel,Male,San Antonio,Tamaulipas,38,3843 Farmco Place,Room 1566
Dacie,Espinos,Female,Niños Heroes,Tamaulipas,37,8059 Fieldstone Parkway,Suite 54
Georgette,Bogace,Female,Altavista,Tamaulipas,41,8760 Donald Lane,11th Floor
Evin,Ramsdale,Male,Altavista,Tamaulipas,48,57142 Crownhardt Center,7th Floor
Abey,Dunbobbin,Male,Los Pinos,Tamaulipas,35,61 Manitowish Park,Suite 77
Prissie,Huster,Female,Las Palmas,Tamaulipas,87,963 Ludington Plaza,Room 1908
Valeda,Thaxter,Female,Magdaleno Aguilar,Tamaulipas,82,47 Mallard Park,PO Box 34776
Dniren,Beadon,Female,Niños Heroes,Tamaulipas,11,32495 Hansons Center,PO Box 40079
Skippy,Jodrellec,Male,Emiliano Zapata,Tamaulipas,44,8387 Mockingbird Alley,Suite 3
Lorna,Colston,Female,Tamaulipas,Tamaulipas,37,8 Carberry Drive,Suite 19
Enrico,Wimes,Male,La Esperanza,Tamaulipas,20,9 Oneill Plaza,Suite 28
Evvy,Roddie,Female,Las Palmas,Tamaulipas,18,58 Haas Plaza,PO Box 42993
Minetta,Murrell,Female,Francisco Villa,Tamaulipas,84,3051 Hollow Ridge Street,PO Box 52626
Raine,Delatour,Female,Los Pinos,Tamaulipas,94,92 Surrey Road,PO Box 88614
Padgett,Gull,Male,San Francisco,Tamaulipas,83,7166 Fieldstone Circle,PO Box 41248
Bellanca,Chitter,Female,Francisco I Madero,Tamaulipas,79,2 Del Mar Plaza,PO Box 71568
Adelaide,Pountney,Female,Las Flores,Tamaulipas,13,5 Judy Point,Room 1967
Blane,Osborne,Male,Las Americas,Tamaulipas,70,95347 Heath Drive,Suite 92
Robbin,Dhillon,Female,Lazaro Cardenas,Tamaulipas,33,1 International Pass,Room 1099
Waly,McVicar,Female,Revolucion Verde,Tamaulipas,83,73027 Brentwood Parkway,PO Box 40537
Mersey,Corston,Female,Revolucion Verde,Tamaulipas,18,32278 Leroy Drive,Room 275
Cristine,Marikhin,Female,Las Americas,Tamaulipas,59,08668 Valley Edge Way,Apt 1446
Malva,Colhoun,Female,Jardin,Tamaulipas,10,595 Lillian Plaza,Apt 179
Heloise,Cragoe,Female,Guadalupe Victoria,Tamaulipas,40,57 Pine View Center,PO Box 15396
Maje,Sawl,Male,San Antonio,Tamaulipas,67,1064 Knutson Park,PO Box 31014
Alejandro,Bartkowiak,Male,Buenavista,Tamaulipas,93,8437 Steensland Plaza,Room 214
Terry,Tilston,Male,Niños Heroes,Tamaulipas,39,2 Farwell Junction,PO Box 41223
Therine,Abade,Female,Las Flores,Tamaulipas,15,08 Cardinal Way,Suite 95
Jeremias,Sutter,Male,Cuauhtemoc,Tamaulipas,11,252 Loomis Avenue,PO Box 86221
Reuben,Jakeman,Male,Miguel Hidalgo,Tamaulipas,38,604 Shelley Point,Room 73
Maxie,Krahl,Female,Lazaro Cardenas,Tamaulipas,92,89 Johnson Center,Apt 1791
Donny,Shurrock,Male,Del Valle,Tamaulipas,37,596 Westport Plaza,Room 1917
Wiley,Gatus,Male,5 de Mayo,Tamaulipas,38,06 Briar Crest Drive,Suite 41
Jacky,Swaton,Female,5 de Mayo,Tamaulipas,49,4747 Merry Trail,Apt 1292
Peder,Troake,Male,Altavista,Tamaulipas,69,99427 Veith Place,2nd Floor
Gui,Manley,Female,Vista Hermosa,Tamaulipas,21,7 Division Avenue,Apt 729
Justine,Mollindinia,Female,Las Flores,Tamaulipas,7,7 Brickson Park Circle,PO Box 37206
Laurent,Dudson,Male,Lazaro Cardenas,Tamaulipas,77,81540 Anthes Place,Apt 488
Keary,Anstice,Male,Miguel Hidalgo,Tamaulipas,9,2 3rd Center,10th Floor
Philippe,Andrelli,Female,San Francisco,Tamaulipas,7,6 Browning Place,Room 1754
Janeta,McDonand,Female,Guadalupe Victoria,Tamaulipas,93,5539 Jenifer Court,PO Box 89833
Sholom,Roon,Male,Las Flores,Tamaulipas,86,981 Quincy Lane,Room 1389
Graeme,Edgeler,Male,Manuel Cavazos Lerma,Tamaulipas,23,3 Kingsford Crossing,Room 1906
Udale,Lyle,Male,Benito Juarez,Tamaulipas,3,3 Commercial Street,Apt 1549
Megan,Dorton,Female,San Antonio,Tamaulipas,49,3 Anthes Place,Suite 8
Garik,Ivashkov,Male,La Esperanza,Tamaulipas,55,22526 Monument Junction,Apt 827
Gypsy,Milburn,Female,La Esperanza,Tamaulipas,69,6 Sherman Place,Room 1560
Sarene,Hattigan,Female,Manuel Cavazos Lerma,Tamaulipas,53,5906 Corscot Crossing,PO Box 70468
Carry,Earie,Female,San Antonio,Tamaulipas,2,18773 Maywood Pass,Suite 41
Angeline,Varndell,Female,Buenavista,Tamaulipas,65,41 Grim Court,PO Box 42212
Saunders,Pesselt,Male,Jardin,Tamaulipas,91,5727 Stuart Junction,Apt 736
Riane,Hatrey,Female,La Esperanza,Tamaulipas,48,8182 Dakota Crossing,Apt 765
Ginevra,Quiddihy,Female,Vista Hermosa,Tamaulipas,15,8 Springs Hill,PO Box 93797
Lenka,Dutteridge,Female,Tamaulipas,Tamaulipas,39,56814 Steensland Drive,Suite 43
Leelah,Brettell,Female,Lazaro Cardenas,Tamaulipas,71,18 Northwestern Way,9th Floor
Kayley,Despenser,Female,San Francisco,Tamaulipas,18,65809 Milwaukee Plaza,Apt 466
Wood,Inger,Male,Solidaridad,Tamaulipas,4,988 Schmedeman Plaza,10th Floor
Corrinne,Riggoll,Female,Miguel Hidalgo,Tamaulipas,97,11 Arapahoe Plaza,Apt 1725
Erek,Gillimgham,Male,5 de Mayo,Tamaulipas,61,13 Vidon Trail,Apt 1436
Mickey,Schutze,Male,Las Flores,Tamaulipas,71,5301 Farwell Hill,PO Box 60363
Ferdinanda,Lummis,Female,Las Americas,Tamaulipas,56,0 Packers Pass,Apt 1622
Aeriell,Dain,Female,Magdaleno Aguilar,Tamaulipas,11,50215 Muir Place,PO Box 73289
Birch,Seath,Male,Lazaro Cardenas,Tamaulipas,35,5 Summit Court,6th Floor
Katey,Branno,Female,La Esperanza,Tamaulipas,4,19913 Pankratz Place,Suite 8
Cherey,Meeson,Female,Independencia,Tamaulipas,21,692 Duke Drive,Room 112
Inger,Polle,Male,Manuel Cavazos Lerma,Tamaulipas,91,3793 Farwell Place,PO Box 40715
Worthington,Delcastel,Male,Obrera,Tamaulipas,33,53 Carberry Lane,Suite 97
Kissee,Nerheny,Female,Niños Heroes,Tamaulipas,7,784 Crest Line Point,PO Box 92156
Rodi,Blondin,Female,5 de Mayo,Tamaulipas,84,32031 Summerview Drive,Room 1354
Demetre,Ovitz,Male,Cuauhtemoc,Tamaulipas,63,57478 East Street,PO Box 50372
Jehu,Fehners,Male,Francisco I Madero,Tamaulipas,66,5366 Dovetail Circle,PO Box 57400
Zachariah,Ianitti,Male,Emiliano Zapata,Tamaulipas,13,3295 Montana Court,Room 1739
Morna,Doornbos,Female,Emiliano Zapata,Tamaulipas,73,08767 Hovde Place,Room 1252
Robin,Sandyfirth,Female,Loma Alta,Tamaulipas,35,932 Graceland Trail,Suite 10
Ludwig,Bauldry,Male,Independencia,Tamaulipas,3,42 Moland Plaza,Apt 146
Isadore,Venour,Male,San Antonio,Tamaulipas,8,71 Charing Cross Junction,Room 200
Free,Sannes,Male,Revolucion Verde,Tamaulipas,37,74 Reindahl Drive,Suite 43
Tammie,Lovitt,Male,Solidaridad,Tamaulipas,3,7 Laurel Terrace,Apt 1800
Mel,Affleck,Female,Azteca,Tamaulipas,42,3131 Valley Edge Crossing,PO Box 9369
Dreddy,Silber,Female,Las Palmas,Tamaulipas,62,85154 Roxbury Place,Suite 27
Percy,Grishelyov,Male,Obrera,Tamaulipas,17,401 Mockingbird Avenue,Apt 472
Jobie,Tomczykiewicz,Female,Las Flores,Tamaulipas,96,94 Donald Terrace,4th Floor
Cam,Hamber,Male,5 de Mayo,Tamaulipas,82,268 Crescent Oaks Parkway,Room 949
Niel,Gilardoni,Male,Niños Heroes,Tamaulipas,66,3 Eastwood Parkway,Suite 46
Myra,Harrold,Female,Manuel Cavazos Lerma,Tamaulipas,91,8 Southridge Avenue,PO Box 14710
Melvin,Sandle,Male,Independencia,Tamaulipas,26,475 Sauthoff Terrace,Room 744
Arlen,Brabham,Male,5 de Mayo,Tamaulipas,13,52769 Fremont Circle,PO Box 50598
Leslie,Collip,Male,Independencia,Tamaulipas,34,274 Hanover Crossing,Suite 38
Corrine,Kobierski,Female,Las Palmas,Tamaulipas,91,38402 Rowland Trail,Apt 246
Tate,Lurriman,Male,Guadalupe Victoria,Tamaulipas,54,360 Marcy Hill,Apt 428
Deina,Birtle,Female,Las Flores,Tamaulipas,3,7786 Elmside Junction,PO Box 59806
Karlik,Goodswen,Male,Francisco Villa,Tamaulipas,100,8990 Twin Pines Road,PO Box 73848
Bernie,Wolfendale,Female,Las Palmas,Tamaulipas,74,369 Petterle Junction,Apt 425
Chastity,Matterface,Female,Francisco Villa,Tamaulipas,26,38 Moland Park,Suite 29
Rosabelle,Robertet,Female,Altavista,Tamaulipas,36,71 Lukken Hill,Room 682
Ramsay,Bassilashvili,Male,Independencia,Tamaulipas,68,40 Cordelia Junction,12th Floor
Kendall,Ruben,Male,Cuauhtemoc,Tamaulipas,59,4166 Buena Vista Park,Suite 9
Gerald,Jedrzejewicz,Male,Buenavista,Tamaulipas,71,82 3rd Hill,Apt 504
Hillyer,ODoogan,Male,Niños Heroes,Tamaulipas,80,00 Roth Junction,Suite 67
Harris,Hannis,Male,Magdaleno Aguilar,Tamaulipas,7,6077 Lyons Junction,8th Floor
Edward,Chennells,Male,Obrera,Tamaulipas,31,24254 Oriole Road,Suite 91
Ophelie,Besemer,Female,Emiliano Zapata,Tamaulipas,12,18341 Del Mar Hill,Room 215
Adolph,Ollarenshaw,Male,Jardin,Tamaulipas,27,95067 Browning Avenue,Suite 14
Waylan,Laba,Male,Las Palmas,Tamaulipas,51,71 Annamark Place,15th Floor
Bealle,Rosgen,Male,Azteca,Tamaulipas,2,0808 Dryden Pass,Room 126
Beatrice,Troutbeck,Female,Benito Juarez,Tamaulipas,47,49022 Garrison Point,PO Box 93985
Titus,Francescozzi,Male,Las Flores,Tamaulipas,91,245 Hanover Circle,Suite 8
Nil,Matuszewski,Male,Loma Alta,Tamaulipas,7,7 Marcy Terrace,Suite 70
Daile,Bert,Female,Los Fresnos,Tamaulipas,48,98536 5th Street,Room 768
Freddy,Gainor,Male,San Francisco,Tamaulipas,94,82808 Sommers Plaza,Room 1584
Dara,MacMaster,Female,5 de Mayo,Tamaulipas,87,4586 Fieldstone Drive,6th Floor
Marina,Dunnet,Female,Las Palmas,Tamaulipas,26,5748 Elka Street,Room 868
Marielle,Darke,Female,Del Valle,Tamaulipas,93,12 Nobel Parkway,2nd Floor
Christoffer,Juara,Male,San Antonio,Tamaulipas,30,97 Saint Paul Parkway,Apt 217
Chico,MacAlroy,Male,Del Valle,Tamaulipas,33,7864 Moland Court,Apt 1548
Ingelbert,Carnachen,Male,La Esperanza,Tamaulipas,38,497 Katie Point,Suite 99
Darby,Thexton,Male,Del Valle,Tamaulipas,21,67 Northport Alley,Room 612
Roth,Thom,Male,San Francisco,Tamaulipas,54,2 Marcy Hill,1st Floor
Gus,Moorton,Male,Miguel Hidalgo,Tamaulipas,92,5 Ramsey Center,Apt 589
Kaylil,Preator,Female,Niños Heroes,Tamaulipas,3,281 Moose Parkway,7th Floor
Dewey,Coulter,Male,Altavista,Tamaulipas,78,45 Hermina Drive,Apt 1388
Hally,Brownlee,Female,Francisco I Madero,Tamaulipas,11,553 Forest Circle,Suite 90
Lyman,Demogeot,Male,Obrera,Tamaulipas,13,53778 Hansons Center,PO Box 42856
Rahal,Whitcomb,Female,Las Palmas,Tamaulipas,68,10 Melody Terrace,PO Box 88857
Stevana,Smythin,Female,Del Valle,Tamaulipas,100,325 Anniversary Crossing,Suite 52
Storm,Bunten,Female,Tamaulipas,Tamaulipas,83,11 Sunbrook Terrace,Room 1377
Gladys,Brandsen,Female,Emiliano Zapata,Tamaulipas,51,5 Loftsgordon Hill,PO Box 70135
Denys,Stanney,Male,Altavista,Tamaulipas,41,7796 Toban Trail,Suite 71
Lesly,Warsop,Female,San Francisco,Tamaulipas,71,47 Northview Point,Room 1870
Chadwick,Ondricek,Male,Loma Alta,Tamaulipas,61,3 Pierstorff Crossing,Suite 42
Paquito,Moodey,Male,La Esperanza,Tamaulipas,49,40212 Eagan Street,PO Box 27109
Donna,Taplin,Female,Guadalupe Victoria,Tamaulipas,2,8 Declaration Point,Suite 18
Florenza,Lamdin,Female,Niños Heroes,Tamaulipas,16,35657 Rigney Street,Room 340
Zorina,Bussons,Female,Miguel Hidalgo,Tamaulipas,47,63 Stone Corner Avenue,19th Floor
Deck,Pavitt,Male,Manuel Cavazos Lerma,Tamaulipas,36,55 Rusk Crossing,Apt 1488
Arlan,Gable,Male,Independencia,Tamaulipas,54,2 Parkside Park,Apt 1150
Nye,Guisler,Male,Las Palmas,Tamaulipas,8,884 Memorial Street,Apt 405
Lishe,Widdall,Female,Magdaleno Aguilar,Tamaulipas,36,0341 Mandrake Park,Suite 53
Magnum,Drysdall,Male,Azteca,Tamaulipas,60,64 Beilfuss Parkway,Apt 1186
Michale,Wilde,Male,Lazaro Cardenas,Tamaulipas,60,620 Mandrake Crossing,Suite 28
Conrade,Danit,Male,San Antonio,Tamaulipas,97,9607 Eggendart Terrace,Apt 1825
Carlina,Goodayle,Female,5 de Mayo,Tamaulipas,55,45019 Stang Hill,Apt 1508
Brigid,Haliday,Female,Lazaro Cardenas,Tamaulipas,38,27 Center Parkway,Suite 36
Janelle,Errington,Female,Altavista,Tamaulipas,4,41 Huxley Parkway,20th Floor
Alix,Dickin,Male,5 de Mayo,Tamaulipas,75,24480 Buhler Road,Apt 1366
Pebrook,Lodge,Male,Francisco Villa,Tamaulipas,78,03447 Charing Cross Way,12th Floor
Torrance,Mapham,Male,Obrera,Tamaulipas,31,04 Fallview Court,Suite 4
Salem,Weber,Male,Obrera,Tamaulipas,32,555 Bluejay Drive,Apt 1128
Nahum,Minear,Male,Del Valle,Tamaulipas,26,52113 Milwaukee Lane,Suite 92
Adamo,Sleany,Male,Jardin,Tamaulipas,48,13047 Westridge Court,16th Floor
Brig,Littlefair,Male,Lazaro Cardenas,Tamaulipas,44,42557 Comanche Road,PO Box 90595
Cortney,Stucke,Female,Benito Juarez,Tamaulipas,38,91301 Ridgeway Lane,Apt 1474
Lyndy,Bloys,Female,Francisco I Madero,Tamaulipas,8,8940 Veith Parkway,9th Floor
Bear,McMahon,Male,Azteca,Tamaulipas,44,81137 Chive Pass,Suite 16
Ogdan,Lamborn,Male,Las Americas,Tamaulipas,35,4 Hoard Place,Suite 83
Jefferey,Terran,Male,San Francisco,Tamaulipas,15,6124 Armistice Center,PO Box 54952
Dorrie,Ingliby,Female,Del Valle,Tamaulipas,60,26 Hallows Way,5th Floor
Rhetta,Jagiello,Female,Magdaleno Aguilar,Tamaulipas,44,9336 Scott Alley,Apt 1486
Gabriel,Boullen,Male,La Esperanza,Tamaulipas,88,86973 Crownhardt Circle,PO Box 12646
Walden,Glanfield,Male,Independencia,Tamaulipas,6,68735 Brown Junction,PO Box 24720
Stacie,Astupenas,Female,Guadalupe Victoria,Tamaulipas,44,35 Thompson Pass,Room 1075
Sheba,Olennikov,Female,Cuauhtemoc,Tamaulipas,54,41 Boyd Alley,Apt 294
Doro,Mordue,Female,5 de Mayo,Tamaulipas,28,0 Mccormick Street,1st Floor
Rosalyn,Briddock,Female,Los Pinos,Tamaulipas,61,6473 Hanover Crossing,Suite 88
Sully,Osorio,Male,San Antonio,Tamaulipas,33,65 Walton Street,PO Box 14212
Scot,Grassot,Male,Benito Juarez,Tamaulipas,90,9 Aberg Lane,Apt 1732
Olav,Nutman,Male,Guadalupe Victoria,Tamaulipas,60,0 Homewood Street,PO Box 25531
Vincent,Crichmer,Male,Francisco Villa,Tamaulipas,87,57 Gina Place,Room 837
Tori,Websdale,Female,San Francisco,Tamaulipas,31,3 Stang Place,PO Box 29835
Carny,Colly,Male,San Antonio,Tamaulipas,57,712 International Junction,9th Floor
Lil,Naire,Female,Cuauhtemoc,Tamaulipas,8,1625 Dennis Park,Suite 59
Terrye,Tomanek,Female,Las Flores,Tamaulipas,74,68029 Center Lane,Room 315
Linnell,Simonnin,Female,Francisco Villa,Tamaulipas,88,81370 Bunting Circle,Room 881
Carolee,Agirre,Female,Altavista,Tamaulipas,83,917 Namekagon Parkway,8th Floor
Corrina,Danton,Female,Buenavista,Tamaulipas,62,2518 Caliangt Drive,Room 1884
Haroun,Wrotchford,Male,Tamaulipas,Tamaulipas,58,74840 Thierer Road,Apt 764
Codi,Bohje,Male,Del Valle,Tamaulipas,16,04270 Linden Parkway,15th Floor
Sigismond,Yanuk,Male,Emiliano Zapata,Tamaulipas,65,12 Eliot Parkway,14th Floor
Keane,Beccero,Male,Altavista,Tamaulipas,97,1 Gerald Place,Suite 53
Susanetta,Kees,Female,Buenavista,Tamaulipas,91,6 Eastwood Alley,Room 1494
Lincoln,Feldon,Male,5 de Mayo,Tamaulipas,96,37 Cardinal Terrace,Suite 47
Erl,Gonnet,Male,Buenavista,Tamaulipas,28,56 Corscot Way,Apt 1130
Kevin,Pavlovsky,Male,Cuauhtemoc,Tamaulipas,3,958 Comanche Court,17th Floor
Wallis,Clementet,Female,Lazaro Cardenas,Tamaulipas,70,61045 Moulton Alley,12th Floor
Pepe,Cometti,Male,Las Americas,Tamaulipas,64,39853 Gale Plaza,18th Floor
Gian,Zuanazzi,Male,Revolucion Verde,Tamaulipas,31,10217 Grasskamp Center,Apt 1537
Alfi,Bolderstone,Female,Miguel Hidalgo,Tamaulipas,96,6943 Meadow Ridge Drive,Apt 321
Garner,Pottage,Male,Magdaleno Aguilar,Tamaulipas,84,2 Del Sol Center,PO Box 29805
Rosalind,De LIsle,Female,Azteca,Tamaulipas,62,0 Lawn Alley,PO Box 85529
Calida,MacDermott,Female,Del Valle,Tamaulipas,13,58088 Meadow Ridge Drive,Apt 616
Clevey,Chifney,Male,San Francisco,Tamaulipas,42,66569 Weeping Birch Court,3rd Floor
Benny,Melloy,Female,Azteca,Tamaulipas,98,45 Hermina Point,Apt 516
Janith,Toffaloni,Female,Loma Alta,Tamaulipas,37,6 Milwaukee Center,Room 1465
Emmaline,Jimenez,Female,Lazaro Cardenas,Tamaulipas,14,8 Kings Park,PO Box 35613
Cassaundra,Vinsen,Female,Los Fresnos,Tamaulipas,54,4731 Warbler Place,Room 1255
Dillie,Tamblingson,Male,Revolucion Verde,Tamaulipas,11,019 Harbort Court,Apt 1438
Anders,Petras,Male,Obrera,Tamaulipas,80,896 International Park,Apt 1620
Fonsie,Leathard,Male,Los Pinos,Tamaulipas,81,8 Eastlawn Lane,PO Box 29328
Jorgan,Jesse,Male,Loma Alta,Tamaulipas,36,2 Dovetail Road,12th Floor
Lavinia,Rosenfarb,Female,Las Americas,Tamaulipas,3,900 Johnson Plaza,PO Box 32379
Leona,Jedrzejczak,Female,Cuauhtemoc,Tamaulipas,12,8 Mifflin Park,Apt 1652
Rickey,Swainston,Male,Los Fresnos,Tamaulipas,76,85376 Kim Way,PO Box 91239
Leland,Cumesky,Female,San Antonio,Tamaulipas,34,36960 Talmadge Road,Room 1867
Francyne,Briggs,Female,Altavista,Tamaulipas,61,23379 Fordem Alley,Suite 50
Archy,Croome,Male,Niños Heroes,Tamaulipas,6,954 Scoville Alley,Suite 7
Darcee,Ellit,Female,Independencia,Tamaulipas,41,22 Forest Dale Alley,14th Floor
Marcellus,Priestland,Male,Buenavista,Tamaulipas,17,483 Namekagon Park,18th Floor
Patty,McCluney,Male,Benito Juarez,Tamaulipas,23,6 Main Junction,10th Floor
Dedie,Goodoune,Female,Los Pinos,Tamaulipas,23,213 Forest Center,Room 16
Annmarie,Cluney,Female,Del Valle,Tamaulipas,7,7785 Pepper Wood Place,Suite 50
Derward,Tomkies,Male,Independencia,Tamaulipas,39,3029 Grasskamp Point,Apt 280
Virgie,Clapson,Male,Los Fresnos,Tamaulipas,42,70 Porter Trail,Suite 71
Lilian,Belly,Female,Emiliano Zapata,Tamaulipas,15,16 Schmedeman Alley,Apt 1379
Gabey,Twentyman,Female,Cuauhtemoc,Tamaulipas,23,596 Becker Point,11th Floor
Esteban,Rosiello,Male,Emiliano Zapata,Tamaulipas,16,24893 Spaight Road,PO Box 80266
Lidia,Shaughnessy,Female,Francisco Villa,Tamaulipas,53,924 Acker Way,PO Box 42249
Guilbert,Deveral,Male,Las Americas,Tamaulipas,53,98500 Larry Trail,Room 1731
Rachele,OReilly,Female,Magdaleno Aguilar,Tamaulipas,41,8604 Corry Parkway,4th Floor
Vincents,Von Oertzen,Male,Las Flores,Tamaulipas,4,89256 Kinsman Hill,1st Floor
Arther,Djurdjevic,Male,San Antonio,Tamaulipas,34,3186 Dakota Crossing,Suite 83
Moe,Shovlin,Male,Del Valle,Tamaulipas,28,724 1st Place,Apt 1519
Katie,Matkin,Female,Francisco Villa,Tamaulipas,88,986 Elmside Hill,Suite 44
Sampson,Folling,Male,Azteca,Tamaulipas,8,8954 Northwestern Plaza,Suite 34
Cirilo,Alder,Male,Azteca,Tamaulipas,64,9229 Glacier Hill Road,Apt 992
Kippie,Crop,Female,Vista Hermosa,Tamaulipas,13,127 Westerfield Crossing,Suite 41
Joan,Bauldrey,Female,Los Fresnos,Tamaulipas,9,5036 Scofield Circle,PO Box 96436
Avigdor,Challes,Male,Magdaleno Aguilar,Tamaulipas,19,184 Parkside Terrace,Apt 489
Allyce,Nutbrown,Female,Azteca,Tamaulipas,47,66 Corben Road,Room 433
Claudie,Hazard,Female,Independencia,Tamaulipas,45,8107 Graedel Plaza,PO Box 17919
Tatum,Manion,Female,Magdaleno Aguilar,Tamaulipas,82,8280 Crest Line Avenue,PO Box 29433
Haywood,Whyffen,Male,Revolucion Verde,Tamaulipas,20,137 Pepper Wood Terrace,12th Floor
Adolphe,Colmore,Male,Obrera,Tamaulipas,61,35 Bartelt Drive,Room 809
Ardyth,Eckels,Female,Las Palmas,Tamaulipas,39,47 Onsgard Junction,Apt 77
Theobald,Samwayes,Male,Solidaridad,Tamaulipas,9,223 Aberg Court,PO Box 17129
Forster,Sarten,Male,Revolucion Verde,Tamaulipas,77,683 Carioca Way,Suite 36
Dean,Blaske,Male,Loma Alta,Tamaulipas,79,29269 Dennis Drive,Room 1028
Jsandye,Dulake,Female,Las Flores,Tamaulipas,92,160 Sloan Park,Apt 351
Hadrian,Discombe,Male,Cuauhtemoc,Tamaulipas,45,2435 Redwing Way,Apt 274
Sonia,Noye,Female,Francisco Villa,Tamaulipas,26,337 Messerschmidt Pass,Suite 61
Lainey,Wandrich,Female,Del Valle,Tamaulipas,79,88 Algoma Junction,18th Floor
Erick,Verbruggen,Male,Independencia,Tamaulipas,31,233 Veith Center,Room 170
Adair,Slayford,Male,Francisco Villa,Tamaulipas,62,3 Little Fleur Pass,PO Box 13889
Danna,Emlyn,Female,Azteca,Tamaulipas,63,566 Bay Circle,PO Box 42222
Emelina,Smail,Female,Francisco Villa,Tamaulipas,15,99418 Banding Junction,PO Box 39834
Simon,Aslin,Male,Loma Alta,Tamaulipas,79,047 Surrey Hill,Apt 354
Brittne,Richold,Female,5 de Mayo,Tamaulipas,32,2 Miller Parkway,Room 1896
Henrieta,Sidle,Female,Obrera,Tamaulipas,61,97 Hudson Street,Room 1263
Max,Widmore,Female,Jardin,Tamaulipas,56,57 Service Junction,Room 861
Alisha,Goford,Female,Azteca,Tamaulipas,35,04548 Hoffman Point,PO Box 45887
Conney,Brumfitt,Male,Obrera,Tamaulipas,41,90589 Jenna Park,Room 895
Uri,Scarce,Male,Azteca,Tamaulipas,29,10943 Emmet Alley,PO Box 77523
Selby,Towner,Male,Los Fresnos,Tamaulipas,67,00634 Oxford Junction,Apt 877
Corissa,Roisen,Female,Jardin,Tamaulipas,86,17139 Claremont Circle,Apt 13
Spense,Rontree,Male,San Francisco,Tamaulipas,20,93683 Oriole Road,Suite 88
Xaviera,Zoephel,Female,5 de Mayo,Tamaulipas,59,31588 Hanover Lane,Apt 902
Putnam,McClymont,Male,Solidaridad,Tamaulipas,27,7 Buena Vista Lane,Room 1903
Mattie,Weigh,Male,Las Americas,Tamaulipas,3,02 Warrior Place,19th Floor
Brook,Trenear,Male,Jardin,Tamaulipas,25,54 Swallow Street,Apt 1036
Lief,Yanuk,Male,Cuauhtemoc,Tamaulipas,1,636 Golf View Avenue,19th Floor
Alexio,Syde,Male,Las Flores,Tamaulipas,84,81 Sundown Alley,Suite 21
Lois,Marchington,Female,Loma Alta,Tamaulipas,43,4 Carey Avenue,20th Floor
Xaviera,Manueau,Female,Guadalupe Victoria,Tamaulipas,26,6 Green Center,Room 249
Eb,Byre,Male,Obrera,Tamaulipas,17,4 Judy Lane,PO Box 65664
Chauncey,Woodyatt,Male,Magdaleno Aguilar,Tamaulipas,88,453 Iowa Alley,Suite 85
Lenka,McTrustey,Female,Tamaulipas,Tamaulipas,61,95865 Mendota Way,PO Box 92379
Viola,Rowney,Female,Magdaleno Aguilar,Tamaulipas,13,5763 Vahlen Road,PO Box 89335
Daryl,OHowbane,Male,Benito Juarez,Tamaulipas,1,9 Mayer Parkway,Room 638
Marietta,Huzzay,Female,Buenavista,Tamaulipas,53,3211 Eggendart Lane,Room 1850
Germana,Kinver,Female,Las Palmas,Tamaulipas,62,7134 Eastlawn Court,Apt 1916
Jerrome,Kelmere,Male,Del Valle,Tamaulipas,97,3 Harbort Plaza,Suite 37
Sisile,Annand,Female,Manuel Cavazos Lerma,Tamaulipas,29,4661 Mifflin Crossing,Room 689
Corbet,Prendergrass,Male,Independencia,Tamaulipas,25,40903 Hagan Parkway,6th Floor
Kalie,Vinall,Female,Buenavista,Tamaulipas,55,797 Waywood Junction,PO Box 19521
Clemmie,Bourchier,Female,Las Palmas,Tamaulipas,1,50804 Goodland Plaza,4th Floor
Daisey,Joseph,Female,Las Palmas,Tamaulipas,83,95348 Ryan Road,Suite 33
Perri,Ellingham,Female,Las Palmas,Tamaulipas,15,8 Swallow Point,Room 866
Lauryn,Tonge,Female,Emiliano Zapata,Tamaulipas,58,5 American Alley,PO Box 4683
Florri,Pampling,Female,Los Fresnos,Tamaulipas,11,3 School Point,Room 1467
Thibaud,Simic,Male,San Francisco,Tamaulipas,46,83176 Pepper Wood Avenue,PO Box 90309
Elden,Sichardt,Male,Manuel Cavazos Lerma,Tamaulipas,18,0887 Canary Lane,9th Floor
Lilah,Laurenzi,Female,Las Americas,Tamaulipas,7,51 Sunbrook Road,PO Box 36988
Leigh,Jameson,Male,Jardin,Tamaulipas,89,40352 Muir Court,PO Box 4779
Julieta,Fishby,Female,San Antonio,Tamaulipas,73,6784 Claremont Center,Suite 5
Annaliese,Bjerkan,Female,Independencia,Tamaulipas,1,18 Twin Pines Trail,PO Box 57649
Bernita,Caron,Female,Emiliano Zapata,Tamaulipas,43,2391 Drewry Terrace,PO Box 47115
Josh,Walbrook,Male,La Esperanza,Tamaulipas,33,791 6th Street,Apt 255
Joli,Pickworth,Female,Los Fresnos,Tamaulipas,12,042 Florence Park,Suite 55
Joscelin,Ridgedell,Female,Jardin,Tamaulipas,66,96306 Merrick Terrace,Suite 92
Susy,Brunel,Female,Solidaridad,Tamaulipas,57,96 Union Park,Room 230
Hermy,Shorbrook,Male,Tamaulipas,Tamaulipas,24,5 Acker Trail,Suite 10
Charisse,Kollasch,Female,Obrera,Tamaulipas,30,5 Veith Alley,16th Floor
